-- phpMyAdmin SQL Dump
-- version 5.2.0
-- https://www.phpmyadmin.net/
--
-- Máy chủ: 127.0.0.1
-- Thời gian đã tạo: Th5 10, 2023 lúc 03:07 AM
-- Phiên bản máy phục vụ: 10.4.27-MariaDB
-- Phiên bản PHP: 8.1.12

SET SQL_MODE = "NO_AUTO_VALUE_ON_ZERO";
START TRANSACTION;
SET time_zone = "+00:00";


/*!40101 SET @OLD_CHARACTER_SET_CLIENT=@@CHARACTER_SET_CLIENT */;
/*!40101 SET @OLD_CHARACTER_SET_RESULTS=@@CHARACTER_SET_RESULTS */;
/*!40101 SET @OLD_COLLATION_CONNECTION=@@COLLATION_CONNECTION */;
/*!40101 SET NAMES utf8mb4 */;

--
-- Cơ sở dữ liệu: `laravel`
--

-- --------------------------------------------------------

--
-- Cấu trúc bảng cho bảng `acls`
--

CREATE TABLE `acls` (
  `id` bigint(20) UNSIGNED NOT NULL,
  `resource` varchar(255) NOT NULL,
  `name` varchar(255) NOT NULL,
  `created_at` timestamp NULL DEFAULT NULL,
  `updated_at` timestamp NULL DEFAULT NULL
) ENGINE=InnoDB DEFAULT CHARSET=utf8mb4 COLLATE=utf8mb4_unicode_ci;

--
-- Đang đổ dữ liệu cho bảng `acls`
--

INSERT INTO `acls` (`id`, `resource`, `name`, `created_at`, `updated_at`) VALUES
(1, '0', 'admin', NULL, NULL),
(2, '0,catalog,user', 'admin', '2023-04-13 02:14:06', '2023-04-13 02:14:06'),
(3, '0,catalog,orders,attribute,user', 'admin', '2023-04-13 02:16:50', '2023-04-13 02:16:50'),
(4, '0,catalog,orders,attribute,user', 'admin4', '2023-04-13 02:17:18', '2023-04-13 02:17:58');

-- --------------------------------------------------------

--
-- Cấu trúc bảng cho bảng `attribute_sets`
--

CREATE TABLE `attribute_sets` (
  `id` bigint(20) UNSIGNED NOT NULL,
  `attribute_set_name` varchar(255) NOT NULL,
  `created_at` timestamp NULL DEFAULT NULL,
  `updated_at` timestamp NULL DEFAULT NULL
) ENGINE=InnoDB DEFAULT CHARSET=utf8mb4 COLLATE=utf8mb4_unicode_ci;

--
-- Đang đổ dữ liệu cho bảng `attribute_sets`
--

INSERT INTO `attribute_sets` (`id`, `attribute_set_name`, `created_at`, `updated_at`) VALUES
(10, 'Laptop', '2023-04-05 07:00:44', '2023-04-05 07:00:44'),
(11, 'PC', '2023-04-17 05:13:16', '2023-04-17 05:13:16');

-- --------------------------------------------------------

--
-- Cấu trúc bảng cho bảng `attribute_set_attributes`
--

CREATE TABLE `attribute_set_attributes` (
  `id` bigint(20) UNSIGNED NOT NULL,
  `attribute_set_name` varchar(255) NOT NULL,
  `attribute_code` varchar(255) NOT NULL,
  `created_at` timestamp NULL DEFAULT NULL,
  `updated_at` timestamp NULL DEFAULT NULL
) ENGINE=InnoDB DEFAULT CHARSET=utf8mb4 COLLATE=utf8mb4_unicode_ci;

--
-- Đang đổ dữ liệu cho bảng `attribute_set_attributes`
--

INSERT INTO `attribute_set_attributes` (`id`, `attribute_set_name`, `attribute_code`, `created_at`, `updated_at`) VALUES
(1, 'test73215', 'test23', '2023-03-25 05:06:40', '2023-03-25 05:06:40'),
(2, 'test73215', 'test23asFERDGH', '2023-03-25 05:06:40', '2023-03-25 05:06:40'),
(3, 'test', 'test23', '2023-03-25 05:33:37', '2023-03-25 05:33:37'),
(4, 'test', 'test23asFERDGH', '2023-03-25 05:33:37', '2023-03-25 05:33:37'),
(5, 'test74856', 'test23', '2023-03-25 09:59:47', '2023-03-25 09:59:47'),
(6, 'test74856', 'test23asFERDGH', '2023-03-25 09:59:47', '2023-03-25 09:59:47'),
(7, 'test74856', 'rdfujtyu', '2023-03-25 09:59:47', '2023-03-25 09:59:47'),
(8, 'test74856', 'test23ewfcv', '2023-03-25 09:59:47', '2023-03-25 09:59:47'),
(9, 'Laptop', 'cpu', '2023-04-05 07:00:44', '2023-04-05 07:00:44'),
(10, 'Laptop', 'ram', '2023-04-05 07:00:44', '2023-04-05 07:00:44'),
(11, 'Laptop', 'ssd_hard_disk', '2023-04-05 07:00:44', '2023-04-05 07:00:44'),
(12, 'Laptop', 'hdd_hard_disk', '2023-04-05 07:00:44', '2023-04-05 07:00:44'),
(13, 'Laptop', 'graphics_card', '2023-04-05 07:00:44', '2023-04-05 07:00:44'),
(14, 'Laptop', 'screen', '2023-04-05 07:00:44', '2023-04-05 07:00:44'),
(15, 'Laptop', 'brand', '2023-04-05 07:00:44', '2023-04-05 07:00:44'),
(16, 'Laptop', 'computer_type', '2023-04-05 07:00:44', '2023-04-05 07:00:44'),
(17, 'PC', 'cpu', '2023-04-17 05:13:16', '2023-04-17 05:13:16'),
(18, 'PC', 'ram', '2023-04-17 05:13:16', '2023-04-17 05:13:16'),
(19, 'PC', 'ssd_hard_disk', '2023-04-17 05:13:16', '2023-04-17 05:13:16'),
(20, 'PC', 'hdd_hard_disk', '2023-04-17 05:13:16', '2023-04-17 05:13:16'),
(21, 'PC', 'graphics_card', '2023-04-17 05:13:16', '2023-04-17 05:13:16'),
(22, 'PC', 'computer_type', '2023-04-17 05:13:16', '2023-04-17 05:13:16'),
(23, 'PC', 'PSU', '2023-04-17 05:13:16', '2023-04-17 05:13:16'),
(24, 'PC', 'radiator', '2023-04-17 05:13:16', '2023-04-17 05:13:16'),
(25, 'PC', 'case', '2023-04-17 05:13:16', '2023-04-17 05:13:16'),
(26, 'PC', 'mainboard', '2023-04-17 05:13:16', '2023-04-17 05:13:16');

-- --------------------------------------------------------

--
-- Cấu trúc bảng cho bảng `attribute_values`
--

CREATE TABLE `attribute_values` (
  `id` bigint(20) UNSIGNED NOT NULL,
  `created_at` timestamp NULL DEFAULT NULL,
  `updated_at` timestamp NULL DEFAULT NULL,
  `attribute_code` varchar(255) NOT NULL,
  `value` varchar(255) NOT NULL,
  `swatch` varchar(255) NOT NULL
) ENGINE=InnoDB DEFAULT CHARSET=utf8mb4 COLLATE=utf8mb4_unicode_ci;

--
-- Đang đổ dữ liệu cho bảng `attribute_values`
--

INSERT INTO `attribute_values` (`id`, `created_at`, `updated_at`, `attribute_code`, `value`, `swatch`) VALUES
(2, '2023-03-25 07:43:15', '2023-03-25 07:43:15', 'test23ewfcv', '45trehgdfb', 'ntyhgfb'),
(3, '2023-03-25 07:43:15', '2023-03-25 07:43:15', 'test23ewfcv', 'ỵtgfnh', 'gfhb'),
(4, '2023-04-05 06:47:03', '2023-04-05 06:47:03', 'cpu', 'Intel Core i5', 'Intel Core i5'),
(5, '2023-04-05 06:47:03', '2023-04-05 06:47:03', 'cpu', 'Intel Core i3', 'Intel Core i3'),
(6, '2023-04-05 06:47:03', '2023-04-05 06:47:03', 'cpu', 'Intel Core i7', 'Intel Core i7'),
(7, '2023-04-05 06:47:03', '2023-04-05 06:47:03', 'cpu', 'Intel Core i9', 'Intel Core i9'),
(8, '2023-04-05 06:47:03', '2023-04-05 06:47:03', 'cpu', 'Intel Pentium', 'Intel Pentium'),
(9, '2023-04-05 06:47:03', '2023-04-05 06:47:03', 'cpu', 'Ryzen 5', 'Ryzen 5'),
(10, '2023-04-05 06:47:03', '2023-04-05 06:47:03', 'cpu', 'Ryzen 3', 'Ryzen 3'),
(11, '2023-04-05 06:47:03', '2023-04-05 06:47:03', 'cpu', 'Ryzen 7', 'Ryzen 7'),
(12, '2023-04-05 06:47:03', '2023-04-05 06:47:03', 'cpu', 'Ryzen 9', 'Ryzen 9'),
(13, '2023-04-05 06:48:12', '2023-04-05 06:48:12', 'ram', '4', '4 GB'),
(14, '2023-04-05 06:48:12', '2023-04-05 06:48:12', 'ram', '8', '8 GB'),
(15, '2023-04-05 06:48:12', '2023-04-05 06:48:12', 'ram', '16', '16 GB'),
(16, '2023-04-05 06:48:12', '2023-04-05 06:48:12', 'ram', '32', '32 GB'),
(17, '2023-04-05 06:48:12', '2023-04-05 06:48:12', 'ram', '64', '64 GB'),
(33, '2023-04-05 06:56:30', '2023-04-05 06:56:30', 'screen', '12', '12 inch'),
(34, '2023-04-05 06:56:30', '2023-04-05 06:56:30', 'screen', '14', '14 inch'),
(35, '2023-04-05 06:56:30', '2023-04-05 06:56:30', 'screen', '15.6', '15.6 inch'),
(36, '2023-04-05 06:56:30', '2023-04-05 06:56:30', 'screen', '17', '17 inch'),
(37, '2023-04-05 06:56:30', '2023-04-05 06:56:30', 'screen', '18', '18 inch'),
(47, '2023-04-05 07:00:18', '2023-04-05 07:00:18', 'computer_type', 'office', 'Học tập - Văn phòng'),
(48, '2023-04-05 07:00:18', '2023-04-05 07:00:18', 'computer_type', 'luxury', 'Cao cấp - Sang trọng'),
(49, '2023-04-05 07:00:18', '2023-04-05 07:00:18', 'computer_type', 'tech', 'Đồ Họa - Kĩ Thuật'),
(50, '2023-04-05 07:00:18', '2023-04-05 07:00:18', 'computer_type', 'gaming', 'Gaming'),
(60, '2023-04-08 03:58:43', '2023-04-08 03:58:43', 'ssd_hard_disk', '120', 'SSD 120GB'),
(61, '2023-04-08 03:58:43', '2023-04-08 03:58:43', 'ssd_hard_disk', '128', 'SSD 128GB'),
(62, '2023-04-08 03:58:43', '2023-04-08 03:58:43', 'ssd_hard_disk', '180', 'SSD 180GB'),
(63, '2023-04-08 03:58:43', '2023-04-08 03:58:43', 'ssd_hard_disk', '256', 'SSD 256GB'),
(64, '2023-04-08 03:58:43', '2023-04-08 03:58:43', 'ssd_hard_disk', '480', 'SSD 480GB'),
(65, '2023-04-08 03:58:43', '2023-04-08 03:58:43', 'ssd_hard_disk', '512', 'SSD 512GB'),
(66, '2023-04-08 03:58:43', '2023-04-08 03:58:43', 'ssd_hard_disk', 'null', 'null'),
(67, '2023-04-08 03:58:58', '2023-04-08 03:58:58', 'hdd_hard_disk', '250', 'HDD 250GB'),
(68, '2023-04-08 03:58:58', '2023-04-08 03:58:58', 'hdd_hard_disk', '320', 'HDD 320GB'),
(69, '2023-04-08 03:58:58', '2023-04-08 03:58:58', 'hdd_hard_disk', '1000', 'HDD 1000GB'),
(70, '2023-04-08 03:58:58', '2023-04-08 03:58:58', 'hdd_hard_disk', 'null', 'null'),
(71, '2023-05-05 08:56:03', '2023-05-05 08:56:03', 'brand', 'asus', 'Asus'),
(72, '2023-05-05 08:56:03', '2023-05-05 08:56:03', 'brand', 'msi', 'MSI'),
(73, '2023-05-05 08:56:03', '2023-05-05 08:56:03', 'brand', 'lg', 'LG'),
(74, '2023-05-05 08:56:03', '2023-05-05 08:56:03', 'brand', 'acer', 'Acer'),
(75, '2023-05-05 08:56:03', '2023-05-05 08:56:03', 'brand', 'apple', 'Apple'),
(76, '2023-05-05 08:56:03', '2023-05-05 08:56:03', 'brand', 'hp', 'HP'),
(77, '2023-05-05 08:56:03', '2023-05-05 08:56:03', 'brand', 'dell', 'Dell'),
(78, '2023-05-05 08:56:03', '2023-05-05 08:56:03', 'brand', 'lenovo', 'Lenovo'),
(79, '2023-05-05 08:56:03', '2023-05-05 08:56:03', 'brand', 'gigabyte', 'Gigabyte'),
(80, '2023-05-05 08:56:03', '2023-05-05 08:56:03', 'brand', 'custom', 'Custom Nhiều Thương Hiệu');

-- --------------------------------------------------------

--
-- Cấu trúc bảng cho bảng `carts`
--

CREATE TABLE `carts` (
  `id` bigint(20) UNSIGNED NOT NULL,
  `customer_id` int(11) DEFAULT NULL,
  `is_active` int(11) NOT NULL DEFAULT 1,
  `item_qty` int(11) NOT NULL DEFAULT 0,
  `item_count` int(11) NOT NULL DEFAULT 0,
  `subtotal` int(11) NOT NULL DEFAULT 0,
  `created_at` timestamp NULL DEFAULT NULL,
  `updated_at` timestamp NULL DEFAULT NULL
) ENGINE=InnoDB DEFAULT CHARSET=utf8mb4 COLLATE=utf8mb4_unicode_ci;

--
-- Đang đổ dữ liệu cho bảng `carts`
--

INSERT INTO `carts` (`id`, `customer_id`, `is_active`, `item_qty`, `item_count`, `subtotal`, `created_at`, `updated_at`) VALUES
(1, 6, 1, 1, 3, 77970000, '2023-04-08 08:10:44', '2023-04-08 11:56:59'),
(2, NULL, 1, 1, 2, 4980000, '2023-04-08 16:13:06', '2023-04-08 16:13:11'),
(3, 1, 0, 1, 4, 44560000, '2023-04-08 19:47:10', '2023-05-05 11:35:41'),
(4, NULL, 1, 1, 1, 2490000, '2023-04-09 00:02:22', '2023-04-09 00:02:22'),
(5, NULL, 1, 1, 1, 17490000, '2023-04-11 04:52:19', '2023-04-11 04:52:19'),
(6, NULL, 0, 1, 1, 2490000, '2023-04-12 04:55:33', '2023-04-12 04:55:51'),
(7, NULL, 0, 1, 1, 2490000, '2023-04-12 04:57:42', '2023-04-12 04:58:41'),
(8, NULL, 0, 1, 1, 2490000, '2023-04-12 05:00:42', '2023-04-12 05:00:59'),
(9, NULL, 1, 1, 1, 42990000, '2023-04-21 09:34:38', '2023-04-21 09:34:38'),
(10, NULL, 0, 1, 1, 11000000, '2023-04-21 22:49:59', '2023-04-21 22:50:19'),
(11, 1, 0, 1, 1, 17490000, '2023-04-21 23:04:32', '2023-04-21 23:04:50'),
(12, NULL, 0, 1, 1, 2490000, '2023-04-22 06:11:33', '2023-04-22 06:11:50'),
(13, NULL, 0, 1, 1, 2490000, '2023-04-22 06:14:05', '2023-04-22 06:14:19'),
(14, NULL, 0, 1, 1, 2490000, '2023-04-22 06:15:44', '2023-04-22 06:15:58'),
(15, NULL, 0, 1, 1, 27490000, '2023-04-22 06:16:48', '2023-04-22 06:17:00'),
(16, NULL, 0, 1, 1, 17490000, '2023-04-22 09:30:58', '2023-04-22 09:31:15'),
(17, NULL, 0, 1, 1, 17490000, '2023-04-22 09:36:21', '2023-04-22 09:36:33'),
(18, NULL, 0, 1, 1, 17490000, '2023-04-22 09:37:06', '2023-04-22 09:37:18'),
(19, NULL, 0, 1, 2, 4980000, '2023-04-22 09:40:20', '2023-04-22 09:40:34'),
(20, NULL, 1, 2, 3, 72470000, '2023-04-22 09:49:11', '2023-04-22 10:18:48'),
(21, NULL, 0, 1, 2, 54980000, '2023-04-22 18:02:11', '2023-04-22 18:02:39'),
(22, NULL, 0, 1, 1, 27490000, '2023-04-22 18:04:04', '2023-04-22 18:04:47'),
(23, NULL, 0, 1, 1, 32000000, '2023-04-22 18:10:39', '2023-04-22 18:10:56'),
(24, NULL, 0, 1, 1, 27490000, '2023-04-29 06:15:13', '2023-04-29 06:15:35'),
(25, NULL, 0, 1, 1, 27490000, '2023-04-29 06:16:35', '2023-04-29 06:16:48'),
(26, 1, 0, 1, 1, 11000000, '2023-05-03 07:40:17', '2023-05-03 07:40:49'),
(27, 1, 0, 1, 1, 2490000, '2023-05-03 07:43:13', '2023-05-03 07:43:26'),
(28, 1, 0, 1, 1, 2490000, '2023-05-03 07:50:06', '2023-05-03 08:08:25'),
(29, NULL, 1, 1, 2, 24580000, '2023-05-05 10:51:07', '2023-05-05 10:58:16'),
(30, 1, 0, 1, 1, 11000000, '2023-05-05 11:38:15', '2023-05-05 11:38:27'),
(31, 1, 0, 2, 8, 137420000, '2023-05-05 11:45:31', '2023-05-05 12:17:08'),
(32, 1, 1, 1, 1, 11000000, '2023-05-05 18:57:16', '2023-05-05 18:57:28'),
(33, 1, 0, 4, 4, 135960000, '2023-05-06 03:54:52', '2023-05-06 03:59:05'),
(34, 1, 0, 1, 1, 2490000, '2023-05-06 04:02:03', '2023-05-06 04:02:15'),
(35, 1, 0, 1, 1, 2490000, '2023-05-06 04:05:20', '2023-05-06 04:05:31'),
(36, NULL, 1, 1, 1, 2490000, '2023-05-06 09:09:50', '2023-05-06 09:09:50'),
(37, NULL, 1, 1, 1, 17490000, '2023-05-06 09:30:16', '2023-05-06 09:30:16'),
(38, NULL, 1, 2, 2, 107480000, '2023-05-08 07:40:36', '2023-05-08 07:40:43');

-- --------------------------------------------------------

--
-- Cấu trúc bảng cho bảng `cart_items`
--

CREATE TABLE `cart_items` (
  `id` bigint(20) UNSIGNED NOT NULL,
  `cart_id` int(11) NOT NULL,
  `product_id` int(11) NOT NULL,
  `row_total` int(11) NOT NULL,
  `price` int(11) NOT NULL,
  `qty` int(11) NOT NULL,
  `created_at` timestamp NULL DEFAULT NULL,
  `updated_at` timestamp NULL DEFAULT NULL
) ENGINE=InnoDB DEFAULT CHARSET=utf8mb4 COLLATE=utf8mb4_unicode_ci;

--
-- Đang đổ dữ liệu cho bảng `cart_items`
--

INSERT INTO `cart_items` (`id`, `cart_id`, `product_id`, `row_total`, `price`, `qty`, `created_at`, `updated_at`) VALUES
(4, 1, 14, 77970000, 25990000, 3, '2023-04-08 08:30:44', '2023-04-08 08:52:04'),
(5, 2, 12, 4980000, 2490000, 2, '2023-04-08 16:13:06', '2023-04-08 16:13:11'),
(6, 3, 12, 2490000, 2490000, 1, '2023-04-08 19:47:10', '2023-04-08 19:47:10'),
(7, 4, 12, 2490000, 2490000, 1, '2023-04-09 00:02:22', '2023-04-09 00:02:22'),
(8, 3, 10, 17490000, 17490000, 1, '2023-04-11 04:52:19', '2023-04-11 05:28:50'),
(9, 6, 12, 2490000, 2490000, 1, '2023-04-12 04:55:33', '2023-04-12 04:55:33'),
(10, 7, 12, 2490000, 2490000, 1, '2023-04-12 04:57:42', '2023-04-12 04:57:42'),
(11, 8, 12, 2490000, 2490000, 1, '2023-04-12 05:00:43', '2023-04-12 05:00:43'),
(12, 9, 15, 42990000, 42990000, 1, '2023-04-21 09:34:38', '2023-04-21 09:34:38'),
(13, 10, 11, 11000000, 11000000, 1, '2023-04-21 22:49:59', '2023-04-21 22:49:59'),
(14, 11, 10, 17490000, 17490000, 1, '2023-04-21 23:04:32', '2023-04-21 23:04:32'),
(15, 12, 12, 2490000, 2490000, 1, '2023-04-22 06:11:33', '2023-04-22 06:11:33'),
(16, 13, 12, 2490000, 2490000, 1, '2023-04-22 06:14:05', '2023-04-22 06:14:05'),
(17, 14, 12, 2490000, 2490000, 1, '2023-04-22 06:15:44', '2023-04-22 06:15:44'),
(18, 15, 13, 27490000, 27490000, 1, '2023-04-22 06:16:48', '2023-04-22 06:16:48'),
(19, 16, 10, 17490000, 17490000, 1, '2023-04-22 09:30:58', '2023-04-22 09:30:58'),
(20, 17, 10, 17490000, 17490000, 1, '2023-04-22 09:36:21', '2023-04-22 09:36:21'),
(21, 18, 10, 17490000, 17490000, 1, '2023-04-22 09:37:06', '2023-04-22 09:37:06'),
(22, 19, 12, 4980000, 2490000, 2, '2023-04-22 09:40:20', '2023-04-22 09:40:25'),
(23, 20, 10, 17490000, 17490000, 1, '2023-04-22 09:49:11', '2023-04-22 09:49:11'),
(24, 20, 13, 54980000, 27490000, 2, '2023-04-22 10:05:20', '2023-04-22 10:18:48'),
(25, 21, 13, 54980000, 27490000, 2, '2023-04-22 18:02:11', '2023-04-22 18:02:18'),
(26, 22, 13, 27490000, 27490000, 1, '2023-04-22 18:04:04', '2023-04-22 18:04:04'),
(27, 23, 23, 32000000, 32000000, 1, '2023-04-22 18:10:39', '2023-04-22 18:10:39'),
(28, 24, 13, 27490000, 27490000, 1, '2023-04-29 06:15:13', '2023-04-29 06:15:13'),
(29, 25, 13, 27490000, 27490000, 1, '2023-04-29 06:16:35', '2023-04-29 06:16:35'),
(30, 26, 11, 11000000, 11000000, 1, '2023-05-03 07:40:17', '2023-05-03 07:40:17'),
(31, 27, 12, 2490000, 2490000, 1, '2023-05-03 07:43:13', '2023-05-03 07:43:13'),
(32, 28, 12, 2490000, 2490000, 1, '2023-05-03 07:50:06', '2023-05-03 07:50:06'),
(33, 3, 40, 24580000, 12290000, 2, '2023-05-05 10:51:07', '2023-05-05 11:08:24'),
(34, 30, 11, 11000000, 11000000, 1, '2023-05-05 11:38:15', '2023-05-05 11:38:15'),
(35, 31, 12, 7470000, 2490000, 3, '2023-05-05 11:45:31', '2023-05-05 11:56:31'),
(36, 31, 32, 129950000, 25990000, 5, '2023-05-05 11:49:49', '2023-05-05 12:16:57'),
(37, 32, 11, 11000000, 11000000, 1, '2023-05-05 18:57:16', '2023-05-05 18:57:16'),
(38, 33, 12, 2490000, 2490000, 1, '2023-05-06 03:54:52', '2023-05-06 03:54:52'),
(39, 33, 13, 27490000, 27490000, 1, '2023-05-06 03:54:56', '2023-05-06 03:54:56'),
(40, 33, 14, 25990000, 25990000, 1, '2023-05-06 03:55:02', '2023-05-06 03:55:02'),
(41, 33, 17, 79990000, 79990000, 1, '2023-05-06 03:55:10', '2023-05-06 03:55:10'),
(42, 34, 12, 2490000, 2490000, 1, '2023-05-06 04:02:03', '2023-05-06 04:02:03'),
(43, 35, 12, 2490000, 2490000, 1, '2023-05-06 04:05:20', '2023-05-06 04:05:20'),
(44, 36, 12, 2490000, 2490000, 1, '2023-05-06 09:09:50', '2023-05-06 09:09:50'),
(45, 37, 10, 17490000, 17490000, 1, '2023-05-06 09:30:16', '2023-05-06 09:30:16'),
(46, 38, 17, 79990000, 79990000, 1, '2023-05-08 07:40:36', '2023-05-08 07:40:36'),
(47, 38, 13, 27490000, 27490000, 1, '2023-05-08 07:40:43', '2023-05-08 07:40:43');

-- --------------------------------------------------------

--
-- Cấu trúc bảng cho bảng `categories`
--

CREATE TABLE `categories` (
  `id` bigint(20) UNSIGNED NOT NULL,
  `title` varchar(255) NOT NULL,
  `parent_id` int(11) NOT NULL,
  `url` varchar(255) NOT NULL,
  `created_at` timestamp NULL DEFAULT NULL,
  `updated_at` timestamp NULL DEFAULT NULL
) ENGINE=InnoDB DEFAULT CHARSET=utf8mb4 COLLATE=utf8mb4_unicode_ci;

--
-- Đang đổ dữ liệu cho bảng `categories`
--

INSERT INTO `categories` (`id`, `title`, `parent_id`, `url`, `created_at`, `updated_at`) VALUES
(1, 'root category', 0, '/', '2023-05-03 07:54:42', '2023-05-03 07:54:42'),
(2, 'Sản Phẩm Bán Chạy', 1, 'san-pham-ban-chay', '2023-05-03 07:55:11', '2023-05-03 07:55:11'),
(3, 'Sản Phẩm Mới', 1, 'san-pham-moi', '2023-05-03 07:55:53', '2023-05-05 08:40:13'),
(4, 'Sản Phẩm Khuyến Mãi', 1, 'san-pham-khuyen-mai', '2023-05-05 08:36:44', '2023-05-05 08:36:44'),
(5, 'Asus', 1, 'asus', '2023-05-05 13:03:37', '2023-05-05 13:03:37'),
(6, 'Laptop', 1, 'laptop', '2023-05-05 13:04:03', '2023-05-05 13:04:03'),
(7, 'PC', 1, 'pc', '2023-05-05 13:04:14', '2023-05-05 13:04:14'),
(8, 'Dell', 6, 'dell', '2023-05-05 13:04:24', '2023-05-05 13:04:24'),
(9, 'Học Tập - Văn Phòng', 5, 'hoc-tap-van-phong', '2023-05-05 13:04:51', '2023-05-05 13:04:51');

-- --------------------------------------------------------

--
-- Cấu trúc bảng cho bảng `category_products`
--

CREATE TABLE `category_products` (
  `id` bigint(20) UNSIGNED NOT NULL,
  `category_id` int(11) NOT NULL,
  `product_id` int(11) NOT NULL,
  `created_at` timestamp NULL DEFAULT NULL,
  `updated_at` timestamp NULL DEFAULT NULL
) ENGINE=InnoDB DEFAULT CHARSET=utf8mb4 COLLATE=utf8mb4_unicode_ci;

--
-- Đang đổ dữ liệu cho bảng `category_products`
--

INSERT INTO `category_products` (`id`, `category_id`, `product_id`, `created_at`, `updated_at`) VALUES
(1, 5, 11, '2023-04-08 02:51:11', '2023-04-08 02:51:11'),
(2, 6, 11, '2023-04-08 02:51:11', '2023-04-08 02:51:11'),
(3, 7, 11, '2023-04-08 02:51:11', '2023-04-08 02:51:11'),
(4, 5, 12, '2023-04-08 04:00:05', '2023-04-08 04:00:05'),
(5, 6, 12, '2023-04-08 04:00:05', '2023-04-08 04:00:05'),
(6, 7, 12, '2023-04-08 04:00:05', '2023-04-08 04:00:05'),
(7, 5, 13, '2023-04-08 04:01:47', '2023-04-08 04:01:47'),
(8, 6, 13, '2023-04-08 04:01:47', '2023-04-08 04:01:47'),
(9, 7, 13, '2023-04-08 04:01:47', '2023-04-08 04:01:47'),
(10, 5, 14, '2023-04-08 04:03:44', '2023-04-08 04:03:44'),
(11, 6, 14, '2023-04-08 04:03:44', '2023-04-08 04:03:44'),
(12, 7, 14, '2023-04-08 04:03:44', '2023-04-08 04:03:44'),
(13, 5, 15, '2023-04-08 04:05:27', '2023-04-08 04:05:27'),
(14, 6, 15, '2023-04-08 04:05:27', '2023-04-08 04:05:27'),
(15, 7, 15, '2023-04-08 04:05:27', '2023-04-08 04:05:27'),
(16, 5, 16, '2023-04-08 04:07:49', '2023-04-08 04:07:49'),
(17, 6, 16, '2023-04-08 04:07:49', '2023-04-08 04:07:49'),
(18, 7, 16, '2023-04-08 04:07:49', '2023-04-08 04:07:49'),
(19, 5, 17, '2023-04-08 04:09:33', '2023-04-08 04:09:33'),
(20, 6, 17, '2023-04-08 04:09:33', '2023-04-08 04:09:33'),
(21, 7, 17, '2023-04-08 04:09:33', '2023-04-08 04:09:33'),
(22, 5, 20, '2023-04-22 05:54:39', '2023-04-22 05:54:39'),
(23, 5, 21, '2023-04-22 05:54:55', '2023-04-22 05:54:55'),
(24, 5, 22, '2023-04-22 18:01:47', '2023-04-22 18:01:47'),
(25, 5, 23, '2023-04-22 18:10:09', '2023-04-22 18:10:09'),
(26, 2, 24, '2023-05-03 07:21:44', '2023-05-03 07:21:44'),
(27, 2, 25, '2023-05-03 07:37:31', '2023-05-03 07:37:31'),
(28, 3, 26, '2023-05-04 06:40:52', '2023-05-04 06:40:52'),
(29, 3, 27, '2023-05-04 06:43:29', '2023-05-04 06:43:29'),
(30, 3, 28, '2023-05-04 06:45:19', '2023-05-04 06:45:19'),
(31, 3, 29, '2023-05-04 06:50:03', '2023-05-04 06:50:03'),
(32, 2, 30, '2023-05-04 06:52:22', '2023-05-04 06:52:22'),
(33, 3, 30, '2023-05-04 06:52:22', '2023-05-04 06:52:22'),
(34, 2, 31, '2023-05-04 06:54:29', '2023-05-04 06:54:29'),
(35, 2, 32, '2023-05-04 06:56:57', '2023-05-04 06:56:57'),
(36, 3, 32, '2023-05-04 06:56:57', '2023-05-04 06:56:57'),
(37, 2, 33, '2023-05-04 06:58:42', '2023-05-04 06:58:42'),
(38, 3, 33, '2023-05-04 06:58:42', '2023-05-04 06:58:42'),
(39, 2, 34, '2023-05-04 07:00:30', '2023-05-04 07:00:30'),
(40, 3, 34, '2023-05-04 07:00:30', '2023-05-04 07:00:30'),
(41, 2, 35, '2023-05-04 07:02:30', '2023-05-04 07:02:30'),
(42, 3, 35, '2023-05-04 07:02:30', '2023-05-04 07:02:30'),
(43, 1, 36, '2023-05-04 07:04:30', '2023-05-04 07:04:30'),
(44, 2, 36, '2023-05-04 07:04:30', '2023-05-04 07:04:30'),
(45, 3, 36, '2023-05-04 07:04:30', '2023-05-04 07:04:30'),
(46, 1, 37, '2023-05-04 07:05:58', '2023-05-04 07:05:58'),
(47, 2, 37, '2023-05-04 07:05:58', '2023-05-04 07:05:58'),
(48, 2, 10, '2023-05-05 08:48:30', '2023-05-05 08:48:30'),
(49, 3, 10, '2023-05-05 08:48:30', '2023-05-05 08:48:30'),
(50, 4, 10, '2023-05-05 08:48:30', '2023-05-05 08:48:30'),
(51, 2, 38, '2023-05-05 08:59:05', '2023-05-05 08:59:05'),
(52, 4, 38, '2023-05-05 08:59:05', '2023-05-05 08:59:05'),
(53, 3, 39, '2023-05-05 09:01:24', '2023-05-05 09:01:24'),
(54, 4, 39, '2023-05-05 09:01:24', '2023-05-05 09:01:24'),
(55, 3, 39, '2023-05-05 09:01:52', '2023-05-05 09:01:52'),
(56, 4, 39, '2023-05-05 09:01:52', '2023-05-05 09:01:52'),
(57, 3, 40, '2023-05-05 09:03:37', '2023-05-05 09:03:37'),
(58, 4, 40, '2023-05-05 09:03:37', '2023-05-05 09:03:37'),
(59, 2, 10, '2023-05-05 11:55:48', '2023-05-05 11:55:48'),
(60, 3, 10, '2023-05-05 11:55:48', '2023-05-05 11:55:48'),
(61, 4, 10, '2023-05-05 11:55:48', '2023-05-05 11:55:48'),
(62, 3, 41, '2023-05-06 00:54:06', '2023-05-06 00:54:06'),
(63, 4, 41, '2023-05-06 00:54:06', '2023-05-06 00:54:06'),
(64, 7, 41, '2023-05-06 00:54:06', '2023-05-06 00:54:06'),
(65, 3, 42, '2023-05-06 23:32:49', '2023-05-06 23:32:49'),
(66, 7, 42, '2023-05-06 23:32:49', '2023-05-06 23:32:49'),
(67, 7, 44, '2023-05-06 23:37:14', '2023-05-06 23:37:14'),
(68, 2, 45, '2023-05-06 23:39:56', '2023-05-06 23:39:56'),
(69, 3, 45, '2023-05-06 23:39:56', '2023-05-06 23:39:56'),
(70, 7, 45, '2023-05-06 23:39:56', '2023-05-06 23:39:56');

-- --------------------------------------------------------

--
-- Cấu trúc bảng cho bảng `checkouts`
--

CREATE TABLE `checkouts` (
  `id` bigint(20) UNSIGNED NOT NULL,
  `created_at` timestamp NULL DEFAULT NULL,
  `updated_at` timestamp NULL DEFAULT NULL
) ENGINE=InnoDB DEFAULT CHARSET=utf8mb4 COLLATE=utf8mb4_unicode_ci;

-- --------------------------------------------------------

--
-- Cấu trúc bảng cho bảng `customers`
--

CREATE TABLE `customers` (
  `id` bigint(20) UNSIGNED NOT NULL,
  `address_id` int(11) DEFAULT NULL,
  `dob` varchar(255) DEFAULT NULL,
  `name` varchar(255) DEFAULT NULL,
  `email` varchar(255) NOT NULL,
  `pwd` varchar(255) NOT NULL,
  `created_at` timestamp NULL DEFAULT NULL,
  `updated_at` timestamp NULL DEFAULT NULL,
  `sdt` varchar(255) NOT NULL
) ENGINE=InnoDB DEFAULT CHARSET=utf8mb4 COLLATE=utf8mb4_unicode_ci;

--
-- Đang đổ dữ liệu cho bảng `customers`
--

INSERT INTO `customers` (`id`, `address_id`, `dob`, `name`, `email`, `pwd`, `created_at`, `updated_at`, `sdt`) VALUES
(1, NULL, '1999-12-27', 'Nguyen Van A', 'luongbang144@gmail.com', 'admin123@#', '2023-04-08 11:54:50', '2023-05-06 03:54:27', '0832963737'),
(7, NULL, '2023-05-06', 'test', 'test@gmail.com', 'admin123@#', '2023-05-05 23:33:00', '2023-05-05 23:33:00', 'luongbang144@gmail.com'),
(8, NULL, '2004-01-06', 'Tú Chi', 'tuchi@gmail.com', 'admin123@#', '2023-05-05 23:33:52', '2023-05-05 23:33:52', '012345678'),
(9, NULL, '2000-11-11', 'Nam Lê Nhât', 'namnl@gmail.com', 'admin123@#', '2023-05-05 23:34:34', '2023-05-05 23:34:34', '01987528233');

-- --------------------------------------------------------

--
-- Cấu trúc bảng cho bảng `eav_attributes`
--

CREATE TABLE `eav_attributes` (
  `id` bigint(20) UNSIGNED NOT NULL,
  `attribute_code` varchar(255) NOT NULL,
  `name` varchar(255) NOT NULL,
  `type` int(11) NOT NULL,
  `created_at` timestamp NULL DEFAULT NULL,
  `updated_at` timestamp NULL DEFAULT NULL
) ENGINE=InnoDB DEFAULT CHARSET=utf8mb4 COLLATE=utf8mb4_unicode_ci;

--
-- Đang đổ dữ liệu cho bảng `eav_attributes`
--

INSERT INTO `eav_attributes` (`id`, `attribute_code`, `name`, `type`, `created_at`, `updated_at`) VALUES
(6, 'cpu', 'CPU', 1, '2023-04-05 06:47:03', '2023-04-05 06:47:03'),
(7, 'ram', 'Ram', 1, '2023-04-05 06:48:12', '2023-04-05 06:48:12'),
(8, 'ssd_hard_disk', 'SSD Hard Disk', 1, '2023-04-05 06:50:59', '2023-04-05 06:50:59'),
(9, 'hdd_hard_disk', 'HDD Hard Disk', 1, '2023-04-05 06:52:24', '2023-04-05 06:52:24'),
(10, 'graphics_card', 'Card Đồ Họa', 0, '2023-04-05 06:53:50', '2023-04-05 06:53:50'),
(12, 'screen', 'Màn Hình', 1, '2023-04-05 06:56:30', '2023-04-05 06:56:30'),
(13, 'brand', 'Thương Hiệu', 1, '2023-04-05 06:58:37', '2023-04-05 06:58:37'),
(14, 'computer_type', 'Dòng máy', 1, '2023-04-05 07:00:18', '2023-04-05 07:00:18'),
(15, 'PSU', 'Nguồn (PSU)', 0, '2023-04-17 05:09:04', '2023-04-17 05:09:04'),
(16, 'radiator', 'TẢN NHIỆT', 0, '2023-04-17 05:10:49', '2023-04-17 05:10:49'),
(17, 'case', 'Case', 0, '2023-04-17 05:12:07', '2023-04-17 05:12:07'),
(18, 'mainboard', 'Mainboard', 0, '2023-04-17 05:12:38', '2023-04-17 05:12:38');

-- --------------------------------------------------------

--
-- Cấu trúc bảng cho bảng `failed_jobs`
--

CREATE TABLE `failed_jobs` (
  `id` bigint(20) UNSIGNED NOT NULL,
  `uuid` varchar(255) NOT NULL,
  `connection` text NOT NULL,
  `queue` text NOT NULL,
  `payload` longtext NOT NULL,
  `exception` longtext NOT NULL,
  `failed_at` timestamp NOT NULL DEFAULT current_timestamp()
) ENGINE=InnoDB DEFAULT CHARSET=utf8mb4 COLLATE=utf8mb4_unicode_ci;

-- --------------------------------------------------------

--
-- Cấu trúc bảng cho bảng `files`
--

CREATE TABLE `files` (
  `id` bigint(20) UNSIGNED NOT NULL,
  `filename` varchar(255) NOT NULL,
  `type` varchar(255) NOT NULL,
  `entity_id` int(11) NOT NULL,
  `created_at` timestamp NULL DEFAULT NULL,
  `updated_at` timestamp NULL DEFAULT NULL
) ENGINE=InnoDB DEFAULT CHARSET=utf8mb4 COLLATE=utf8mb4_unicode_ci;

--
-- Đang đổ dữ liệu cho bảng `files`
--

INSERT INTO `files` (`id`, `filename`, `type`, `entity_id`, `created_at`, `updated_at`) VALUES
(3, '168095160567.webp', 'product', 12, '2023-04-08 04:00:06', '2023-04-08 04:00:06'),
(4, '168095171682.webp', 'product', 13, '2023-04-08 04:01:56', '2023-04-08 04:01:56'),
(5, '168095182514.jpg', 'product', 14, '2023-04-08 04:03:45', '2023-04-08 04:03:45'),
(7, '168095217353.webp', 'product', 17, '2023-04-08 04:09:33', '2023-04-08 04:09:33'),
(8, '168221170718.webp', 'product', 22, '2023-04-22 18:01:47', '2023-04-22 18:01:47'),
(9, '168221220995.webp', 'product', 23, '2023-04-22 18:10:10', '2023-04-22 18:10:10'),
(10, '168320765295.webp', 'product', 26, '2023-05-04 06:40:53', '2023-05-04 06:40:53'),
(11, '168320780982.webp', 'product', 27, '2023-05-04 06:43:29', '2023-05-04 06:43:29'),
(12, '168320791981.webp', 'product', 28, '2023-05-04 06:45:19', '2023-05-04 06:45:19'),
(13, '168320820397.webp', 'product', 29, '2023-05-04 06:50:03', '2023-05-04 06:50:03'),
(14, '168320834285.webp', 'product', 30, '2023-05-04 06:52:22', '2023-05-04 06:52:22'),
(15, '168320846947.webp', 'product', 31, '2023-05-04 06:54:29', '2023-05-04 06:54:29'),
(16, '168320861738.webp', 'product', 32, '2023-05-04 06:56:57', '2023-05-04 06:56:57'),
(17, '168320872288.webp', 'product', 33, '2023-05-04 06:58:42', '2023-05-04 06:58:42'),
(18, '168320883093.webp', 'product', 34, '2023-05-04 07:00:30', '2023-05-04 07:00:30'),
(19, '168320895161.webp', 'product', 35, '2023-05-04 07:02:31', '2023-05-04 07:02:31'),
(20, '168320907099.webp', 'product', 36, '2023-05-04 07:04:30', '2023-05-04 07:04:30'),
(21, '168320915824.webp', 'product', 37, '2023-05-04 07:05:58', '2023-05-04 07:05:58'),
(22, '168330234589.webp', 'product', 38, '2023-05-05 08:59:05', '2023-05-05 08:59:05'),
(24, '168330261724.webp', 'product', 40, '2023-05-05 09:03:37', '2023-05-05 09:03:37'),
(25, '168331294824.jpg', 'product', 10, '2023-05-05 11:55:48', '2023-05-05 11:55:48'),
(26, '168335964668.webp', 'product', 41, '2023-05-06 00:54:06', '2023-05-06 00:54:06'),
(27, '168344116911.webp', 'product', 42, '2023-05-06 23:32:50', '2023-05-06 23:32:50'),
(28, '168344143419.webp', 'product', 44, '2023-05-06 23:37:14', '2023-05-06 23:37:14'),
(29, '16834415968.webp', 'product', 45, '2023-05-06 23:39:56', '2023-05-06 23:39:56');

-- --------------------------------------------------------

--
-- Cấu trúc bảng cho bảng `migrations`
--

CREATE TABLE `migrations` (
  `id` int(10) UNSIGNED NOT NULL,
  `migration` varchar(255) NOT NULL,
  `batch` int(11) NOT NULL
) ENGINE=InnoDB DEFAULT CHARSET=utf8mb4 COLLATE=utf8mb4_unicode_ci;

--
-- Đang đổ dữ liệu cho bảng `migrations`
--

INSERT INTO `migrations` (`id`, `migration`, `batch`) VALUES
(2, '2014_10_12_100000_create_password_resets_table', 1),
(25, '2014_10_12_000000_create_users_table', 2),
(26, '2014_10_12_100000_create_password_reset_tokens_table', 2),
(27, '2019_08_19_000000_create_failed_jobs_table', 2),
(28, '2019_12_14_000001_create_personal_access_tokens_table', 2),
(29, '2023_03_13_073121_create_password_resets_table', 2),
(31, '2023_03_13_095903_create_eav_attributes_table', 2),
(32, '2023_03_19_033939_create_attribute_sets_table', 2),
(33, '2023_03_19_142939_create_attribute_values_table', 2),
(34, '2023_03_21_122503_create_attribute_set_attributes_table', 2),
(39, '2023_04_05_140123_create_files_table', 6),
(40, '2023_04_08_031713_create_product_attribute_values_table', 7),
(44, '2023_03_13_095400_create_products_table', 8),
(45, '2023_04_08_044640_create_themes_table', 9),
(46, '2023_04_08_093002_create_category_products_table', 9),
(47, '2023_04_08_132538_create_carts_table', 10),
(48, '2023_04_08_132659_create_cart_items_table', 10),
(49, '2023_04_08_160915_create_checkouts_table', 11),
(51, '2023_04_08_162656_create_order_items_table', 11),
(52, '2023_04_08_162900_create_shipping_adresses_table', 11),
(53, '2023_04_08_170259_create_customers_table', 11),
(54, '2023_04_13_034908_create_acls_table', 12),
(55, '2023_03_25_144407_create_categories_table', 13),
(56, '2023_04_08_162239_create_orders_table', 14);

-- --------------------------------------------------------

--
-- Cấu trúc bảng cho bảng `orders`
--

CREATE TABLE `orders` (
  `id` bigint(20) UNSIGNED NOT NULL,
  `customer_id` int(11) DEFAULT NULL,
  `status` int(11) NOT NULL DEFAULT 1,
  `item_qty` int(11) NOT NULL DEFAULT 0,
  `item_count` int(11) NOT NULL DEFAULT 0,
  `subtotal` int(11) NOT NULL DEFAULT 0,
  `payment_method` varchar(255) NOT NULL,
  `shipping_address_id` varchar(255) NOT NULL,
  `sdt` varchar(255) NOT NULL,
  `email` varchar(255) NOT NULL,
  `name` varchar(255) NOT NULL,
  `city` varchar(255) NOT NULL,
  `adr` varchar(255) NOT NULL,
  `state` varchar(255) NOT NULL,
  `created_at` timestamp NULL DEFAULT NULL,
  `updated_at` timestamp NULL DEFAULT NULL
) ENGINE=InnoDB DEFAULT CHARSET=utf8mb4 COLLATE=utf8mb4_unicode_ci;

--
-- Đang đổ dữ liệu cho bảng `orders`
--

INSERT INTO `orders` (`id`, `customer_id`, `status`, `item_qty`, `item_count`, `subtotal`, `payment_method`, `shipping_address_id`, `sdt`, `email`, `name`, `city`, `adr`, `state`, `created_at`, `updated_at`) VALUES
(1, 1, 0, 1, 1, 2490000, 'vnpay', '48', '0832963737', 'luongbang144@gmail.com', 'luong bang', 'hà nội', '48 tố hữu', 'Nam từ liêm', '2023-05-03 08:08:25', '2023-05-03 08:08:25'),
(2, 1, 0, 1, 4, 44560000, 'vnpay', '49', '0832963737', 'luongbang144@gmail.com', 'luong bang', 'hà nội', '48 tố hữu', 'Nam từ liêm', '2023-05-05 11:35:41', '2023-05-05 11:35:41'),
(3, 1, 1, 1, 1, 11000000, 'vnpay', '50', '0832963737', 'luongbang144@gmail.com', 'luong bang', 'hà nội', '48 tố hữu', 'Nam từ liêm', '2023-05-05 11:38:27', '2023-05-05 11:39:27'),
(4, 1, 0, 2, 8, 137420000, 'vnpay', '51', '0832963737', 'luongbang144@gmail.com', 'luong bang', 'hà nội', '48 tố hữu', 'Nam từ liêm', '2023-05-05 12:17:08', '2023-05-05 12:17:08'),
(5, 1, 0, 4, 4, 135960000, 'cod', '52', '0832963737', 'luongbang144@gmail.com', 'luong bang', 'hà nội', '48 tố hữu', 'Nam từ liêm', '2023-05-06 03:59:05', '2023-05-06 03:59:05'),
(6, 1, 0, 1, 1, 2490000, 'cod', '54', '0832963737', 'luongbang144@gmail.com', 'luong bang', 'hà nội', '48 tố hữu', 'Nam từ liêm', '2023-05-06 04:02:15', '2023-05-06 04:02:15'),
(7, 1, 0, 1, 1, 2490000, 'cod', '55', '0832963737', 'luongbang144@gmail.com', 'luong bang', 'hà nội', '48 tố hữu', 'Nam từ liêm', '2023-05-06 04:05:31', '2023-05-06 04:05:31');

-- --------------------------------------------------------

--
-- Cấu trúc bảng cho bảng `order_items`
--

CREATE TABLE `order_items` (
  `id` bigint(20) UNSIGNED NOT NULL,
  `order_id` int(11) NOT NULL,
  `product_id` int(11) NOT NULL,
  `row_total` int(11) NOT NULL,
  `price` int(11) NOT NULL,
  `qty` int(11) NOT NULL,
  `created_at` timestamp NULL DEFAULT NULL,
  `updated_at` timestamp NULL DEFAULT NULL
) ENGINE=InnoDB DEFAULT CHARSET=utf8mb4 COLLATE=utf8mb4_unicode_ci;

--
-- Đang đổ dữ liệu cho bảng `order_items`
--

INSERT INTO `order_items` (`id`, `order_id`, `product_id`, `row_total`, `price`, `qty`, `created_at`, `updated_at`) VALUES
(1, 12, 12, 2490000, 2490000, 1, '2023-04-12 04:59:59', '2023-04-12 04:59:59'),
(2, 13, 12, 2490000, 2490000, 1, '2023-04-12 05:00:59', '2023-04-12 05:00:59'),
(3, 14, 11, 11000000, 11000000, 1, '2023-04-21 22:50:19', '2023-04-21 22:50:19'),
(4, 15, 10, 17490000, 17490000, 1, '2023-04-21 23:04:50', '2023-04-21 23:04:50'),
(5, 16, 12, 2490000, 2490000, 1, '2023-04-22 06:11:50', '2023-04-22 06:11:50'),
(6, 17, 12, 2490000, 2490000, 1, '2023-04-22 06:14:19', '2023-04-22 06:14:19'),
(7, 18, 12, 2490000, 2490000, 1, '2023-04-22 06:15:58', '2023-04-22 06:15:58'),
(8, 19, 12, 2490000, 2490000, 1, '2023-04-22 06:16:19', '2023-04-22 06:16:19'),
(9, 20, 13, 27490000, 27490000, 1, '2023-04-22 06:17:00', '2023-04-22 06:17:00'),
(10, 21, 10, 17490000, 17490000, 1, '2023-04-22 09:31:15', '2023-04-22 09:31:15'),
(11, 22, 10, 17490000, 17490000, 1, '2023-04-22 09:36:33', '2023-04-22 09:36:33'),
(12, 23, 10, 17490000, 17490000, 1, '2023-04-22 09:37:18', '2023-04-22 09:37:18'),
(13, 24, 12, 4980000, 2490000, 2, '2023-04-22 09:40:34', '2023-04-22 09:40:34'),
(14, 25, 13, 54980000, 27490000, 2, '2023-04-22 18:02:39', '2023-04-22 18:02:39'),
(15, 26, 13, 27490000, 27490000, 1, '2023-04-22 18:04:47', '2023-04-22 18:04:47'),
(16, 27, 23, 32000000, 32000000, 1, '2023-04-22 18:10:56', '2023-04-22 18:10:56'),
(17, 28, 13, 27490000, 27490000, 1, '2023-04-29 06:15:35', '2023-04-29 06:15:35'),
(18, 29, 13, 27490000, 27490000, 1, '2023-04-29 06:16:48', '2023-04-29 06:16:48'),
(19, 30, 11, 11000000, 11000000, 1, '2023-05-03 07:40:49', '2023-05-03 07:40:49'),
(20, 31, 12, 2490000, 2490000, 1, '2023-05-03 07:43:26', '2023-05-03 07:43:26'),
(21, 1, 12, 2490000, 2490000, 1, '2023-05-03 08:08:25', '2023-05-03 08:08:25'),
(22, 2, 12, 2490000, 2490000, 1, '2023-05-05 11:35:41', '2023-05-05 11:35:41'),
(23, 2, 10, 17490000, 17490000, 1, '2023-05-05 11:35:41', '2023-05-05 11:35:41'),
(24, 2, 40, 24580000, 12290000, 2, '2023-05-05 11:35:41', '2023-05-05 11:35:41'),
(25, 3, 11, 11000000, 11000000, 1, '2023-05-05 11:38:27', '2023-05-05 11:38:27'),
(26, 4, 12, 7470000, 2490000, 3, '2023-05-05 12:17:08', '2023-05-05 12:17:08'),
(27, 4, 32, 129950000, 25990000, 5, '2023-05-05 12:17:08', '2023-05-05 12:17:08'),
(28, 5, 12, 2490000, 2490000, 1, '2023-05-06 03:59:05', '2023-05-06 03:59:05'),
(29, 5, 13, 27490000, 27490000, 1, '2023-05-06 03:59:05', '2023-05-06 03:59:05'),
(30, 5, 14, 25990000, 25990000, 1, '2023-05-06 03:59:05', '2023-05-06 03:59:05'),
(31, 5, 17, 79990000, 79990000, 1, '2023-05-06 03:59:05', '2023-05-06 03:59:05'),
(32, 6, 12, 2490000, 2490000, 1, '2023-05-06 04:02:15', '2023-05-06 04:02:15'),
(33, 7, 12, 2490000, 2490000, 1, '2023-05-06 04:05:31', '2023-05-06 04:05:31');

-- --------------------------------------------------------

--
-- Cấu trúc bảng cho bảng `password_resets`
--

CREATE TABLE `password_resets` (
  `email` varchar(255) NOT NULL,
  `token` varchar(255) NOT NULL,
  `created_at` timestamp NULL DEFAULT NULL
) ENGINE=InnoDB DEFAULT CHARSET=utf8mb4 COLLATE=utf8mb4_unicode_ci;

-- --------------------------------------------------------

--
-- Cấu trúc bảng cho bảng `password_reset_tokens`
--

CREATE TABLE `password_reset_tokens` (
  `email` varchar(255) NOT NULL,
  `token` varchar(255) NOT NULL,
  `created_at` timestamp NULL DEFAULT NULL
) ENGINE=InnoDB DEFAULT CHARSET=utf8mb4 COLLATE=utf8mb4_unicode_ci;

-- --------------------------------------------------------

--
-- Cấu trúc bảng cho bảng `personal_access_tokens`
--

CREATE TABLE `personal_access_tokens` (
  `id` bigint(20) UNSIGNED NOT NULL,
  `tokenable_type` varchar(255) NOT NULL,
  `tokenable_id` bigint(20) UNSIGNED NOT NULL,
  `name` varchar(255) NOT NULL,
  `token` varchar(64) NOT NULL,
  `abilities` text DEFAULT NULL,
  `last_used_at` timestamp NULL DEFAULT NULL,
  `expires_at` timestamp NULL DEFAULT NULL,
  `created_at` timestamp NULL DEFAULT NULL,
  `updated_at` timestamp NULL DEFAULT NULL
) ENGINE=InnoDB DEFAULT CHARSET=utf8mb4 COLLATE=utf8mb4_unicode_ci;

-- --------------------------------------------------------

--
-- Cấu trúc bảng cho bảng `products`
--

CREATE TABLE `products` (
  `id` bigint(20) UNSIGNED NOT NULL,
  `name` varchar(255) NOT NULL,
  `sku` varchar(255) NOT NULL,
  `type_id` varchar(255) NOT NULL DEFAULT 'simple',
  `attribute_set_id` int(11) NOT NULL DEFAULT 0,
  `price` int(11) NOT NULL,
  `sale_price` int(11) DEFAULT NULL,
  `qty` int(11) NOT NULL,
  `description` varchar(255) DEFAULT NULL,
  `created_at` timestamp NULL DEFAULT NULL,
  `updated_at` timestamp NULL DEFAULT NULL
) ENGINE=InnoDB DEFAULT CHARSET=utf8mb4 COLLATE=utf8mb4_unicode_ci;

--
-- Đang đổ dữ liệu cho bảng `products`
--

INSERT INTO `products` (`id`, `name`, `sku`, `type_id`, `attribute_set_id`, `price`, `sale_price`, `qty`, `description`, `created_at`, `updated_at`) VALUES
(10, 'Laptop ASUS Vivobook 15X OLED A1503ZA L1421W', 'laptop-asus-vivobook-15x-oled-a1503za-l1421w', 'simple', 10, 17490000, 16490000, 95, 'Laptop ASUS Vivobook 15X OLED A1503ZA L1421W', '2023-04-08 00:58:05', '2023-05-05 11:35:41'),
(11, 'Laptop MSI Modern 14 C11M 011VN', 'laptop-msi-modern-14-c11m-011vn', 'simple', 10, 11000000, NULL, 97, NULL, '2023-04-08 02:51:11', '2023-05-05 11:38:27'),
(12, 'Laptop Lenovo IdeaPad 1 15AMN7 82VG0022VN', 'laptop-lenovo-ideapad-1-15amn7-82vg0022vn', 'simple', 10, 2490000, NULL, 84, NULL, '2023-04-08 04:00:05', '2023-05-06 04:05:31'),
(13, 'Laptop Asus Vivobook Pro 15 OLED M6500QC MA002W', 'laptop-asus-vivobook-pro-15-oled-m6500qc-ma002w', 'simple', 10, 27490000, NULL, 93, NULL, '2023-04-08 04:01:47', '2023-05-06 03:59:05'),
(14, 'Laptop Gaming Acer Nitro 5 Eagle AN515 57 53F9', 'laptop-gaming-acer-nitro-5-eagle-an515-57-53f9', 'simple', 10, 25990000, NULL, 99, NULL, '2023-04-08 04:03:44', '2023-05-06 03:59:05'),
(15, 'Laptop ASUS VivoBook Pro 16X OLED N7600ZE L2010W', 'laptop-asus-vivobook-pro-16x-oled-n7600ze-l2010w', 'simple', 10, 42990000, NULL, 100, NULL, '2023-04-08 04:05:27', '2023-04-08 04:05:27'),
(16, 'Laptop Dell XPS 13 Plus 9320 5CG56', 'laptop-dell-xps-13-plus-9320-5cg56', 'simple', 10, 59990000, NULL, 100, NULL, '2023-04-08 04:07:49', '2023-04-08 04:07:49'),
(17, 'Laptop Dell XPS 17 9700 XPS7I7001W1 Silver', 'laptop-dell-xps-17-9700-xps7i7001w1-silver', 'simple', 10, 79990000, NULL, 99, NULL, '2023-04-08 04:09:33', '2023-05-06 03:59:05'),
(22, 'Laptop LG Gram 2023 14Z90R GAH53A5', 'laptop-lg-gram-2023-14z90r-gah53a5', 'simple', 10, 32490000, NULL, 100, NULL, '2023-04-22 18:01:47', '2023-04-22 18:01:47'),
(26, 'Laptop Dell Inspiron 15 3520 N5I5122W1 Black', 'laptop-dell-inspiron-15-3520-n5i5122w1-black', 'simple', 10, 19690000, NULL, 100, NULL, '2023-05-04 06:40:52', '2023-05-04 06:40:52'),
(27, 'Laptop HP Pavilion 15 EG2063TU 6K791PA', 'laptop-hp-pavilion-15-eg2063tu-6k791pa', 'simple', 10, 14990000, NULL, 100, NULL, '2023-05-04 06:43:29', '2023-05-04 06:43:29'),
(28, 'Laptop HP 14s DQ5053TU 6R9M6PA', 'laptop-hp-14s-dq5053tu-6r9m6pa', 'simple', 10, 18990000, NULL, 100, NULL, '2023-05-04 06:45:19', '2023-05-04 06:45:19'),
(29, 'Laptop HP Spectre x360 14 ef0030TU 6K773PA', 'laptop-hp-spectre-x360-14-ef0030tu-6k773pa', 'simple', 10, 51990000, NULL, 100, NULL, '2023-05-04 06:50:03', '2023-05-04 06:50:03'),
(30, 'Laptop MSI Creator M16 B13VE 830VN', 'laptop-msi-creator-m16-b13ve-830vn', 'simple', 10, 39990000, NULL, 100, NULL, '2023-05-04 06:52:21', '2023-05-04 06:52:21'),
(31, 'Laptop MSI Creator Z16 HX Studio B13VGTO 062VN', 'laptop-msi-creator-z16-hx-studio-b13vgto-062vn', 'simple', 10, 87990000, NULL, 100, NULL, '2023-05-04 06:54:29', '2023-05-04 06:54:29'),
(32, 'Laptop Lenovo ThinkPad T14 Gen2 20W0016EVA', 'laptop-lenovo-thinkpad-t14-gen2-20w0016eva', 'simple', 10, 25990000, NULL, 95, NULL, '2023-05-04 06:56:57', '2023-05-05 12:17:08'),
(33, 'Laptop Lenovo ThinkPad E14 21E300E3VN', 'laptop-lenovo-thinkpad-e14-21e300e3vn', 'simple', 10, 27990000, NULL, 100, NULL, '2023-05-04 06:58:42', '2023-05-04 06:58:42'),
(34, 'Laptop Acer Aspire 3 A315 59 321N', 'laptop-acer-aspire-3-a315-59-321n', 'simple', 10, 14290000, NULL, 100, NULL, '2023-05-04 07:00:30', '2023-05-04 07:00:30'),
(35, 'Laptop Gaming Gigabyte G7 KE 52VN263SH', 'laptop-gaming-gigabyte-g7-ke-52vn263sh', 'simple', 10, 29790000, NULL, 100, NULL, '2023-05-04 07:02:30', '2023-05-04 07:02:30'),
(36, 'Laptop gaming Lenovo Legion 5 15ARH7 82RE0035VN', 'laptop-gaming-lenovo-legion-5-15arh7-82re0035vn', 'simple', 10, 33990000, NULL, 100, NULL, '2023-05-04 07:04:30', '2023-05-04 07:04:30'),
(37, 'Laptop ASUS TUF Gaming F15 FX506LHB HN188W', 'laptop-asus-tuf-gaming-f15-fx506lhb-hn188w', 'simple', 10, 20990000, NULL, 100, NULL, '2023-05-04 07:05:58', '2023-05-04 07:05:58'),
(38, 'GVN PHANTOM i4070', 'gvn-phantom-i4070', 'simple', 11, 55020000, 53000000, 100, NULL, '2023-05-05 08:59:05', '2023-05-05 08:59:05'),
(39, 'VIPER Plus i4070', 'viper-plus-i4070', 'simple', 11, 44270000, 42000000, 100, NULL, '2023-05-05 09:01:24', '2023-05-05 09:01:24'),
(40, 'MINION i1650 - White Edition', 'minion-i1650', 'simple', 11, 12290000, 11000000, 98, NULL, '2023-05-05 09:03:37', '2023-05-05 11:35:41'),
(41, 'TITAN Plus a4090', 'titan-plus-a4090', 'simple', 11, 25990000, 22490000, 100, NULL, '2023-05-06 00:54:06', '2023-05-06 00:54:06'),
(42, 'G-Studio 9 Plus i4070Ti', 'g-studio-9-plus-i4070ti', 'simple', 11, 55990000, 53990000, 100, NULL, '2023-05-06 23:32:49', '2023-05-06 23:32:49'),
(43, 'G-Studio 5 Plus a3050', 'g-studio-5-a3050', 'simple', 11, 26720000, 24720000, 100, NULL, '2023-05-06 23:34:54', '2023-05-06 23:34:54'),
(44, 'PHANTOM Plus a4080', 'phantom-plus-a4080', 'simple', 11, 31880000, 21880000, 100, NULL, '2023-05-06 23:37:14', '2023-05-06 23:37:14'),
(45, 'VIPER Plus a3070Ti', 'viper-plus-a3070ti', 'simple', 11, 55990000, NULL, 100, NULL, '2023-05-06 23:39:56', '2023-05-06 23:39:56');

-- --------------------------------------------------------

--
-- Cấu trúc bảng cho bảng `product_attribute_values`
--

CREATE TABLE `product_attribute_values` (
  `id` bigint(20) UNSIGNED NOT NULL,
  `created_at` timestamp NULL DEFAULT NULL,
  `updated_at` timestamp NULL DEFAULT NULL,
  `attribute_code` varchar(255) NOT NULL,
  `product_id` varchar(255) NOT NULL,
  `value` varchar(255) NOT NULL,
  `attribute_name` varchar(255) NOT NULL,
  `label` varchar(255) NOT NULL
) ENGINE=InnoDB DEFAULT CHARSET=utf8mb4 COLLATE=utf8mb4_unicode_ci;

--
-- Đang đổ dữ liệu cho bảng `product_attribute_values`
--

INSERT INTO `product_attribute_values` (`id`, `created_at`, `updated_at`, `attribute_code`, `product_id`, `value`, `attribute_name`, `label`) VALUES
(1, '2023-04-08 00:52:14', '2023-04-08 00:52:14', 'cpu', '4', 'Intel Core i5', 'CPU', 'Intel Core i5'),
(2, '2023-04-08 00:52:14', '2023-04-08 00:52:14', 'ram', '4', '8', 'Ram', '8 GB'),
(3, '2023-04-08 00:52:14', '2023-04-08 00:52:14', 'ssd_hard_disk', '4', '512', 'SSD Hard Disk', 'SSD 512GB'),
(4, '2023-04-08 00:52:14', '2023-04-08 00:52:14', 'hdd_hard_disk', '4', '250', 'HDD Hard Disk', 'HDD 250GB'),
(5, '2023-04-08 00:53:34', '2023-04-08 00:53:34', 'cpu', '6', 'Intel Core i5', 'CPU', 'Intel Core i5'),
(6, '2023-04-08 00:53:34', '2023-04-08 00:53:34', 'ram', '6', '8', 'Ram', '8 GB'),
(7, '2023-04-08 00:53:34', '2023-04-08 00:53:34', 'ssd_hard_disk', '6', '512', 'SSD Hard Disk', 'SSD 512GB'),
(8, '2023-04-08 00:53:34', '2023-04-08 00:53:34', 'hdd_hard_disk', '6', '250', 'HDD Hard Disk', 'HDD 250GB'),
(57, '2023-04-08 02:56:47', '2023-04-08 02:56:47', 'cpu', '11', 'Intel Core i3', 'CPU', 'Intel Core i3'),
(58, '2023-04-08 02:56:47', '2023-04-08 02:56:47', 'ram', '11', '8', 'Ram', '8 GB'),
(59, '2023-04-08 02:56:47', '2023-04-08 02:56:47', 'ssd_hard_disk', '11', '512', 'SSD Hard Disk', 'SSD 512GB'),
(60, '2023-04-08 02:56:47', '2023-04-08 02:56:47', 'hdd_hard_disk', '11', '250', 'HDD Hard Disk', 'HDD 250GB'),
(61, '2023-04-08 02:56:47', '2023-04-08 02:56:47', 'graphics_card', '11', 'Intel® UHD Graphics', 'Card Đồ Họa', 'Intel® UHD Graphics'),
(62, '2023-04-08 02:56:47', '2023-04-08 02:56:47', 'screen', '11', '14', 'Màn Hình', '14 inch'),
(63, '2023-04-08 02:56:47', '2023-04-08 02:56:47', 'brand', '11', 'msi', 'Thương Hiệu', 'MSI'),
(64, '2023-04-08 02:56:47', '2023-04-08 02:56:47', 'computer_type', '11', 'office', 'Dòng máy', 'Học tập - Văn phòng'),
(65, '2023-04-08 04:00:05', '2023-04-08 04:00:05', 'cpu', '12', 'Ryzen 5', 'CPU', 'Ryzen 5'),
(66, '2023-04-08 04:00:05', '2023-04-08 04:00:05', 'ram', '12', '8', 'Ram', '8 GB'),
(67, '2023-04-08 04:00:05', '2023-04-08 04:00:05', 'ssd_hard_disk', '12', '512', 'SSD Hard Disk', 'SSD 512GB'),
(68, '2023-04-08 04:00:05', '2023-04-08 04:00:05', 'hdd_hard_disk', '12', '250', 'HDD Hard Disk', 'HDD 250GB'),
(69, '2023-04-08 04:00:05', '2023-04-08 04:00:05', 'graphics_card', '12', 'Integrated AMD Radeon™ 610M Graphics', 'Card Đồ Họa', 'Integrated AMD Radeon™ 610M Graphics'),
(70, '2023-04-08 04:00:05', '2023-04-08 04:00:05', 'screen', '12', '15.6', 'Màn Hình', '15.6 inch'),
(71, '2023-04-08 04:00:05', '2023-04-08 04:00:05', 'brand', '12', 'lenovo', 'Thương Hiệu', 'Lenovo'),
(72, '2023-04-08 04:00:05', '2023-04-08 04:00:05', 'computer_type', '12', 'office', 'Dòng máy', 'Học tập - Văn phòng'),
(81, '2023-04-08 04:01:56', '2023-04-08 04:01:56', 'cpu', '13', 'Ryzen 5', 'CPU', 'Ryzen 5'),
(82, '2023-04-08 04:01:56', '2023-04-08 04:01:56', 'ram', '13', '16', 'Ram', '16 GB'),
(83, '2023-04-08 04:01:56', '2023-04-08 04:01:56', 'ssd_hard_disk', '13', '512', 'SSD Hard Disk', 'SSD 512GB'),
(84, '2023-04-08 04:01:56', '2023-04-08 04:01:56', 'hdd_hard_disk', '13', '250', 'HDD Hard Disk', 'HDD 250GB'),
(85, '2023-04-08 04:01:56', '2023-04-08 04:01:56', 'graphics_card', '13', 'NVIDIA GeForce RTX 3050 4GB GDDR6', 'Card Đồ Họa', 'NVIDIA GeForce RTX 3050 4GB GDDR6'),
(86, '2023-04-08 04:01:56', '2023-04-08 04:01:56', 'screen', '13', '15.6', 'Màn Hình', '15.6 inch'),
(87, '2023-04-08 04:01:56', '2023-04-08 04:01:56', 'brand', '13', 'asus', 'Thương Hiệu', 'Asus'),
(88, '2023-04-08 04:01:56', '2023-04-08 04:01:56', 'computer_type', '13', 'office', 'Dòng máy', 'Học tập - Văn phòng'),
(89, '2023-04-08 04:03:44', '2023-04-08 04:03:44', 'cpu', '14', 'Intel Core i5', 'CPU', 'Intel Core i5'),
(90, '2023-04-08 04:03:44', '2023-04-08 04:03:44', 'ram', '14', '8', 'Ram', '8 GB'),
(91, '2023-04-08 04:03:44', '2023-04-08 04:03:44', 'ssd_hard_disk', '14', '512', 'SSD Hard Disk', 'SSD 512GB'),
(92, '2023-04-08 04:03:44', '2023-04-08 04:03:44', 'hdd_hard_disk', '14', 'null', 'HDD Hard Disk', 'null'),
(93, '2023-04-08 04:03:45', '2023-04-08 04:03:45', 'graphics_card', '14', 'NVIDIA® GeForce RTX™ 3050 4GB GDDR6', 'Card Đồ Họa', 'NVIDIA® GeForce RTX™ 3050 4GB GDDR6'),
(94, '2023-04-08 04:03:45', '2023-04-08 04:03:45', 'screen', '14', '15.6', 'Màn Hình', '15.6 inch'),
(95, '2023-04-08 04:03:45', '2023-04-08 04:03:45', 'brand', '14', 'acer', 'Thương Hiệu', 'Acer'),
(96, '2023-04-08 04:03:45', '2023-04-08 04:03:45', 'computer_type', '14', 'gaming', 'Dòng máy', 'Gaming'),
(97, '2023-04-08 04:05:27', '2023-04-08 04:05:27', 'cpu', '15', 'Intel Core i7', 'CPU', 'Intel Core i7'),
(98, '2023-04-08 04:05:27', '2023-04-08 04:05:27', 'ram', '15', '16', 'Ram', '16 GB'),
(99, '2023-04-08 04:05:28', '2023-04-08 04:05:28', 'ssd_hard_disk', '15', '512', 'SSD Hard Disk', 'SSD 512GB'),
(100, '2023-04-08 04:05:28', '2023-04-08 04:05:28', 'hdd_hard_disk', '15', 'null', 'HDD Hard Disk', 'null'),
(101, '2023-04-08 04:05:28', '2023-04-08 04:05:28', 'graphics_card', '15', 'NVIDIA GeForce RTX 3050Ti 4GB GDDR6', 'Card Đồ Họa', 'NVIDIA GeForce RTX 3050Ti 4GB GDDR6'),
(102, '2023-04-08 04:05:28', '2023-04-08 04:05:28', 'screen', '15', '15.6', 'Màn Hình', '15.6 inch'),
(103, '2023-04-08 04:05:28', '2023-04-08 04:05:28', 'brand', '15', 'asus', 'Thương Hiệu', 'Asus'),
(104, '2023-04-08 04:05:28', '2023-04-08 04:05:28', 'computer_type', '15', 'luxury', 'Dòng máy', 'Cao cấp - Sang trọng'),
(113, '2023-04-08 04:09:33', '2023-04-08 04:09:33', 'cpu', '17', 'Intel Core i7', 'CPU', 'Intel Core i7'),
(114, '2023-04-08 04:09:33', '2023-04-08 04:09:33', 'ram', '17', '16', 'Ram', '16 GB'),
(115, '2023-04-08 04:09:33', '2023-04-08 04:09:33', 'ssd_hard_disk', '17', '512', 'SSD Hard Disk', 'SSD 512GB'),
(116, '2023-04-08 04:09:33', '2023-04-08 04:09:33', 'hdd_hard_disk', '17', 'null', 'HDD Hard Disk', 'null'),
(117, '2023-04-08 04:09:33', '2023-04-08 04:09:33', 'graphics_card', '17', 'NVIDIA GeForce RTX 3050 4GB GDDR6', 'Card Đồ Họa', 'NVIDIA GeForce RTX 3050 4GB GDDR6'),
(118, '2023-04-08 04:09:33', '2023-04-08 04:09:33', 'screen', '17', '17', 'Màn Hình', '17 inch'),
(119, '2023-04-08 04:09:33', '2023-04-08 04:09:33', 'brand', '17', 'dell', 'Thương Hiệu', 'Dell'),
(120, '2023-04-08 04:09:33', '2023-04-08 04:09:33', 'computer_type', '17', 'luxury', 'Dòng máy', 'Cao cấp - Sang trọng'),
(121, '2023-04-08 04:09:56', '2023-04-08 04:09:56', 'cpu', '16', 'Intel Core i7', 'CPU', 'Intel Core i7'),
(122, '2023-04-08 04:09:56', '2023-04-08 04:09:56', 'ram', '16', '16', 'Ram', '16 GB'),
(123, '2023-04-08 04:09:56', '2023-04-08 04:09:56', 'ssd_hard_disk', '16', '512', 'SSD Hard Disk', 'SSD 512GB'),
(124, '2023-04-08 04:09:56', '2023-04-08 04:09:56', 'hdd_hard_disk', '16', 'null', 'HDD Hard Disk', 'null'),
(125, '2023-04-08 04:09:56', '2023-04-08 04:09:56', 'graphics_card', '16', 'Intel Iris Xe Graphics', 'Card Đồ Họa', 'Intel Iris Xe Graphics'),
(126, '2023-04-08 04:09:56', '2023-04-08 04:09:56', 'screen', '16', '14', 'Màn Hình', '14 inch'),
(127, '2023-04-08 04:09:56', '2023-04-08 04:09:56', 'brand', '16', 'dell', 'Thương Hiệu', 'Dell'),
(128, '2023-04-08 04:09:56', '2023-04-08 04:09:56', 'computer_type', '16', 'tech', 'Dòng máy', 'Đồ Họa - Kĩ Thuật'),
(129, '2023-04-22 05:54:39', '2023-04-22 05:54:39', 'cpu', '20', 'Intel Core i5', 'CPU', 'Intel Core i5'),
(130, '2023-04-22 05:54:39', '2023-04-22 05:54:39', 'ram', '20', '4', 'Ram', '4 GB'),
(131, '2023-04-22 05:54:39', '2023-04-22 05:54:39', 'ssd_hard_disk', '20', '120', 'SSD Hard Disk', 'SSD 120GB'),
(132, '2023-04-22 05:54:39', '2023-04-22 05:54:39', 'hdd_hard_disk', '20', '250', 'HDD Hard Disk', 'HDD 250GB'),
(133, '2023-04-22 05:54:55', '2023-04-22 05:54:55', 'cpu', '21', 'Intel Core i5', 'CPU', 'Intel Core i5'),
(134, '2023-04-22 05:54:55', '2023-04-22 05:54:55', 'ram', '21', '4', 'Ram', '4 GB'),
(135, '2023-04-22 05:54:55', '2023-04-22 05:54:55', 'ssd_hard_disk', '21', '120', 'SSD Hard Disk', 'SSD 120GB'),
(136, '2023-04-22 05:54:55', '2023-04-22 05:54:55', 'hdd_hard_disk', '21', '250', 'HDD Hard Disk', 'HDD 250GB'),
(137, '2023-04-22 05:54:55', '2023-04-22 05:54:55', 'graphics_card', '21', 'deasgfd', 'Card Đồ Họa', 'deasgfd'),
(138, '2023-04-22 05:54:55', '2023-04-22 05:54:55', 'screen', '21', '12', 'Màn Hình', '12 inch'),
(139, '2023-04-22 05:54:55', '2023-04-22 05:54:55', 'brand', '21', 'asus', 'Thương Hiệu', 'Asus'),
(140, '2023-04-22 05:54:55', '2023-04-22 05:54:55', 'computer_type', '21', 'office', 'Dòng máy', 'Học tập - Văn phòng'),
(141, '2023-04-22 18:01:47', '2023-04-22 18:01:47', 'cpu', '22', 'Intel Core i5', 'CPU', 'Intel Core i5'),
(142, '2023-04-22 18:01:47', '2023-04-22 18:01:47', 'ram', '22', '16', 'Ram', '16 GB'),
(143, '2023-04-22 18:01:47', '2023-04-22 18:01:47', 'ssd_hard_disk', '22', '256', 'SSD Hard Disk', 'SSD 256GB'),
(144, '2023-04-22 18:01:47', '2023-04-22 18:01:47', 'hdd_hard_disk', '22', 'null', 'HDD Hard Disk', 'null'),
(145, '2023-04-22 18:01:47', '2023-04-22 18:01:47', 'graphics_card', '22', 'Intel Iris Xe Graphics', 'Card Đồ Họa', 'Intel Iris Xe Graphics'),
(146, '2023-04-22 18:01:47', '2023-04-22 18:01:47', 'screen', '22', '14', 'Màn Hình', '14 inch'),
(147, '2023-04-22 18:01:47', '2023-04-22 18:01:47', 'brand', '22', 'lg', 'Thương Hiệu', 'LG'),
(148, '2023-04-22 18:01:47', '2023-04-22 18:01:47', 'computer_type', '22', 'gaming', 'Dòng máy', 'Gaming'),
(149, '2023-04-22 18:10:09', '2023-04-22 18:10:09', 'cpu', '23', 'Intel Core i7', 'CPU', 'Intel Core i7'),
(150, '2023-04-22 18:10:09', '2023-04-22 18:10:09', 'ram', '23', '8', 'Ram', '8 GB'),
(151, '2023-04-22 18:10:09', '2023-04-22 18:10:09', 'ssd_hard_disk', '23', '256', 'SSD Hard Disk', 'SSD 256GB'),
(152, '2023-04-22 18:10:09', '2023-04-22 18:10:09', 'hdd_hard_disk', '23', 'null', 'HDD Hard Disk', 'null'),
(153, '2023-04-22 18:10:09', '2023-04-22 18:10:09', 'graphics_card', '23', 'Geforce RTX 4050 6GB', 'Card Đồ Họa', 'Geforce RTX 4050 6GB'),
(154, '2023-04-22 18:10:09', '2023-04-22 18:10:09', 'screen', '23', '15.6', 'Màn Hình', '15.6 inch'),
(155, '2023-04-22 18:10:09', '2023-04-22 18:10:09', 'brand', '23', 'asus', 'Thương Hiệu', 'Asus'),
(156, '2023-04-22 18:10:09', '2023-04-22 18:10:09', 'computer_type', '23', 'office', 'Dòng máy', 'Học tập - Văn phòng'),
(157, '2023-05-03 07:21:44', '2023-05-03 07:21:44', 'cpu', '24', 'Intel Core i5', 'CPU', 'Intel Core i5'),
(158, '2023-05-03 07:21:44', '2023-05-03 07:21:44', 'ram', '24', '4', 'Ram', '4 GB'),
(159, '2023-05-03 07:21:44', '2023-05-03 07:21:44', 'ssd_hard_disk', '24', '120', 'SSD Hard Disk', 'SSD 120GB'),
(160, '2023-05-03 07:21:44', '2023-05-03 07:21:44', 'hdd_hard_disk', '24', '250', 'HDD Hard Disk', 'HDD 250GB'),
(161, '2023-05-03 07:21:44', '2023-05-03 07:21:44', 'graphics_card', '24', 'deasgfd', 'Card Đồ Họa', 'deasgfd'),
(162, '2023-05-03 07:21:44', '2023-05-03 07:21:44', 'computer_type', '24', 'office', 'Dòng máy', 'Học tập - Văn phòng'),
(163, '2023-05-03 07:21:44', '2023-05-03 07:21:44', 'PSU', '24', 'sdc', 'Nguồn (PSU)', 'sdc'),
(164, '2023-05-03 07:21:44', '2023-05-03 07:21:44', 'radiator', '24', 'ẻgdsfc', 'TẢN NHIỆT', 'ẻgdsfc'),
(165, '2023-05-03 07:21:44', '2023-05-03 07:21:44', 'case', '24', 'ẻvfdsc', 'Case', 'ẻvfdsc'),
(166, '2023-05-03 07:21:44', '2023-05-03 07:21:44', 'mainboard', '24', 'ebrvfdsc', 'Mainboard', 'ebrvfdsc'),
(167, '2023-05-03 07:37:31', '2023-05-03 07:37:31', 'cpu', '25', 'Intel Core i5', 'CPU', 'Intel Core i5'),
(168, '2023-05-03 07:37:31', '2023-05-03 07:37:31', 'ram', '25', '4', 'Ram', '4 GB'),
(169, '2023-05-03 07:37:31', '2023-05-03 07:37:31', 'ssd_hard_disk', '25', '120', 'SSD Hard Disk', 'SSD 120GB'),
(170, '2023-05-03 07:37:31', '2023-05-03 07:37:31', 'hdd_hard_disk', '25', '250', 'HDD Hard Disk', 'HDD 250GB'),
(171, '2023-05-03 07:37:31', '2023-05-03 07:37:31', 'graphics_card', '25', 'deasgfd', 'Card Đồ Họa', 'deasgfd'),
(172, '2023-05-03 07:37:31', '2023-05-03 07:37:31', 'screen', '25', '12', 'Màn Hình', '12 inch'),
(173, '2023-05-03 07:37:31', '2023-05-03 07:37:31', 'brand', '25', 'asus', 'Thương Hiệu', 'Asus'),
(174, '2023-05-03 07:37:31', '2023-05-03 07:37:31', 'computer_type', '25', 'office', 'Dòng máy', 'Học tập - Văn phòng'),
(175, '2023-05-04 06:40:52', '2023-05-04 06:40:52', 'cpu', '26', 'Intel Core i5', 'CPU', 'Intel Core i5'),
(176, '2023-05-04 06:40:52', '2023-05-04 06:40:52', 'ram', '26', '8', 'Ram', '8 GB'),
(177, '2023-05-04 06:40:52', '2023-05-04 06:40:52', 'ssd_hard_disk', '26', '256', 'SSD Hard Disk', 'SSD 256GB'),
(178, '2023-05-04 06:40:52', '2023-05-04 06:40:52', 'hdd_hard_disk', '26', 'null', 'HDD Hard Disk', 'null'),
(179, '2023-05-04 06:40:52', '2023-05-04 06:40:52', 'graphics_card', '26', 'Intel Iris Xe Graphics (with dual channel memory)', 'Card Đồ Họa', 'Intel Iris Xe Graphics (with dual channel memory)'),
(180, '2023-05-04 06:40:52', '2023-05-04 06:40:52', 'screen', '26', '15.6', 'Màn Hình', '15.6 inch'),
(181, '2023-05-04 06:40:52', '2023-05-04 06:40:52', 'brand', '26', 'dell', 'Thương Hiệu', 'Dell'),
(182, '2023-05-04 06:40:52', '2023-05-04 06:40:52', 'computer_type', '26', 'office', 'Dòng máy', 'Học tập - Văn phòng'),
(183, '2023-05-04 06:43:29', '2023-05-04 06:43:29', 'cpu', '27', 'Intel Core i3', 'CPU', 'Intel Core i3'),
(184, '2023-05-04 06:43:29', '2023-05-04 06:43:29', 'ram', '27', '8', 'Ram', '8 GB'),
(185, '2023-05-04 06:43:29', '2023-05-04 06:43:29', 'ssd_hard_disk', '27', '256', 'SSD Hard Disk', 'SSD 256GB'),
(186, '2023-05-04 06:43:29', '2023-05-04 06:43:29', 'hdd_hard_disk', '27', 'null', 'HDD Hard Disk', 'null'),
(187, '2023-05-04 06:43:29', '2023-05-04 06:43:29', 'graphics_card', '27', 'Intel UHD Graphics', 'Card Đồ Họa', 'Intel UHD Graphics'),
(188, '2023-05-04 06:43:29', '2023-05-04 06:43:29', 'screen', '27', '15.6', 'Màn Hình', '15.6 inch'),
(189, '2023-05-04 06:43:29', '2023-05-04 06:43:29', 'brand', '27', 'hp', 'Thương Hiệu', 'HP'),
(190, '2023-05-04 06:43:29', '2023-05-04 06:43:29', 'computer_type', '27', 'office', 'Dòng máy', 'Học tập - Văn phòng'),
(191, '2023-05-04 06:45:19', '2023-05-04 06:45:19', 'cpu', '28', 'Intel Core i5', 'CPU', 'Intel Core i5'),
(192, '2023-05-04 06:45:19', '2023-05-04 06:45:19', 'ram', '28', '8', 'Ram', '8 GB'),
(193, '2023-05-04 06:45:19', '2023-05-04 06:45:19', 'ssd_hard_disk', '28', '512', 'SSD Hard Disk', 'SSD 512GB'),
(194, '2023-05-04 06:45:19', '2023-05-04 06:45:19', 'hdd_hard_disk', '28', 'null', 'HDD Hard Disk', 'null'),
(195, '2023-05-04 06:45:19', '2023-05-04 06:45:19', 'graphics_card', '28', 'Intel Iris Xe Graphics', 'Card Đồ Họa', 'Intel Iris Xe Graphics'),
(196, '2023-05-04 06:45:19', '2023-05-04 06:45:19', 'screen', '28', '14', 'Màn Hình', '14 inch'),
(197, '2023-05-04 06:45:19', '2023-05-04 06:45:19', 'brand', '28', 'hp', 'Thương Hiệu', 'HP'),
(198, '2023-05-04 06:45:19', '2023-05-04 06:45:19', 'computer_type', '28', 'office', 'Dòng máy', 'Học tập - Văn phòng'),
(199, '2023-05-04 06:50:03', '2023-05-04 06:50:03', 'cpu', '29', 'Intel Core i7', 'CPU', 'Intel Core i7'),
(200, '2023-05-04 06:50:03', '2023-05-04 06:50:03', 'ram', '29', '16', 'Ram', '16 GB'),
(201, '2023-05-04 06:50:03', '2023-05-04 06:50:03', 'ssd_hard_disk', '29', '512', 'SSD Hard Disk', 'SSD 512GB'),
(202, '2023-05-04 06:50:03', '2023-05-04 06:50:03', 'hdd_hard_disk', '29', '250', 'HDD Hard Disk', 'HDD 250GB'),
(203, '2023-05-04 06:50:03', '2023-05-04 06:50:03', 'graphics_card', '29', 'Intel Iris Xe Graphics', 'Card Đồ Họa', 'Intel Iris Xe Graphics'),
(204, '2023-05-04 06:50:03', '2023-05-04 06:50:03', 'screen', '29', '14', 'Màn Hình', '14 inch'),
(205, '2023-05-04 06:50:03', '2023-05-04 06:50:03', 'brand', '29', 'asus', 'Thương Hiệu', 'Asus'),
(206, '2023-05-04 06:50:03', '2023-05-04 06:50:03', 'computer_type', '29', 'office', 'Dòng máy', 'Học tập - Văn phòng'),
(207, '2023-05-04 06:52:22', '2023-05-04 06:52:22', 'cpu', '30', 'Intel Core i7', 'CPU', 'Intel Core i7'),
(208, '2023-05-04 06:52:22', '2023-05-04 06:52:22', 'ram', '30', '16', 'Ram', '16 GB'),
(209, '2023-05-04 06:52:22', '2023-05-04 06:52:22', 'ssd_hard_disk', '30', '512', 'SSD Hard Disk', 'SSD 512GB'),
(210, '2023-05-04 06:52:22', '2023-05-04 06:52:22', 'hdd_hard_disk', '30', '250', 'HDD Hard Disk', 'HDD 250GB'),
(211, '2023-05-04 06:52:22', '2023-05-04 06:52:22', 'graphics_card', '30', 'NVIDIA® GeForce RTX 4050', 'Card Đồ Họa', 'NVIDIA® GeForce RTX 4050'),
(212, '2023-05-04 06:52:22', '2023-05-04 06:52:22', 'screen', '30', '15.6', 'Màn Hình', '15.6 inch'),
(213, '2023-05-04 06:52:22', '2023-05-04 06:52:22', 'brand', '30', 'msi', 'Thương Hiệu', 'MSI'),
(214, '2023-05-04 06:52:22', '2023-05-04 06:52:22', 'computer_type', '30', 'office', 'Dòng máy', 'Học tập - Văn phòng'),
(215, '2023-05-04 06:54:29', '2023-05-04 06:54:29', 'cpu', '31', 'Intel Core i9', 'CPU', 'Intel Core i9'),
(216, '2023-05-04 06:54:29', '2023-05-04 06:54:29', 'ram', '31', '16', 'Ram', '16 GB'),
(217, '2023-05-04 06:54:29', '2023-05-04 06:54:29', 'ssd_hard_disk', '31', '512', 'SSD Hard Disk', 'SSD 512GB'),
(218, '2023-05-04 06:54:29', '2023-05-04 06:54:29', 'hdd_hard_disk', '31', 'null', 'HDD Hard Disk', 'null'),
(219, '2023-05-04 06:54:29', '2023-05-04 06:54:29', 'graphics_card', '31', 'NVIDIA GeForce RTX 4070', 'Card Đồ Họa', 'NVIDIA GeForce RTX 4070'),
(220, '2023-05-04 06:54:29', '2023-05-04 06:54:29', 'screen', '31', '12', 'Màn Hình', '12 inch'),
(221, '2023-05-04 06:54:29', '2023-05-04 06:54:29', 'brand', '31', 'msi', 'Thương Hiệu', 'MSI'),
(222, '2023-05-04 06:54:29', '2023-05-04 06:54:29', 'computer_type', '31', 'tech', 'Dòng máy', 'Đồ Họa - Kĩ Thuật'),
(223, '2023-05-04 06:56:57', '2023-05-04 06:56:57', 'cpu', '32', 'Intel Core i5', 'CPU', 'Intel Core i5'),
(224, '2023-05-04 06:56:57', '2023-05-04 06:56:57', 'ram', '32', '8', 'Ram', '8 GB'),
(225, '2023-05-04 06:56:57', '2023-05-04 06:56:57', 'ssd_hard_disk', '32', '512', 'SSD Hard Disk', 'SSD 512GB'),
(226, '2023-05-04 06:56:57', '2023-05-04 06:56:57', 'hdd_hard_disk', '32', 'null', 'HDD Hard Disk', 'null'),
(227, '2023-05-04 06:56:57', '2023-05-04 06:56:57', 'graphics_card', '32', 'Intel® UHD Graphics', 'Card Đồ Họa', 'Intel® UHD Graphics'),
(228, '2023-05-04 06:56:57', '2023-05-04 06:56:57', 'screen', '32', '14', 'Màn Hình', '14 inch'),
(229, '2023-05-04 06:56:57', '2023-05-04 06:56:57', 'brand', '32', 'lenovo', 'Thương Hiệu', 'Lenovo'),
(230, '2023-05-04 06:56:57', '2023-05-04 06:56:57', 'computer_type', '32', 'luxury', 'Dòng máy', 'Cao cấp - Sang trọng'),
(231, '2023-05-04 06:58:42', '2023-05-04 06:58:42', 'cpu', '33', 'Intel Core i7', 'CPU', 'Intel Core i7'),
(232, '2023-05-04 06:58:42', '2023-05-04 06:58:42', 'ram', '33', '8', 'Ram', '8 GB'),
(233, '2023-05-04 06:58:42', '2023-05-04 06:58:42', 'ssd_hard_disk', '33', '512', 'SSD Hard Disk', 'SSD 512GB'),
(234, '2023-05-04 06:58:42', '2023-05-04 06:58:42', 'hdd_hard_disk', '33', 'null', 'HDD Hard Disk', 'null'),
(235, '2023-05-04 06:58:42', '2023-05-04 06:58:42', 'graphics_card', '33', 'Intel Iris Xe Graphics', 'Card Đồ Họa', 'Intel Iris Xe Graphics'),
(236, '2023-05-04 06:58:42', '2023-05-04 06:58:42', 'screen', '33', '14', 'Màn Hình', '14 inch'),
(237, '2023-05-04 06:58:42', '2023-05-04 06:58:42', 'brand', '33', 'lenovo', 'Thương Hiệu', 'Lenovo'),
(238, '2023-05-04 06:58:42', '2023-05-04 06:58:42', 'computer_type', '33', 'luxury', 'Dòng máy', 'Cao cấp - Sang trọng'),
(239, '2023-05-04 07:00:30', '2023-05-04 07:00:30', 'cpu', '34', 'Intel Core i3', 'CPU', 'Intel Core i3'),
(240, '2023-05-04 07:00:30', '2023-05-04 07:00:30', 'ram', '34', '8', 'Ram', '8 GB'),
(241, '2023-05-04 07:00:30', '2023-05-04 07:00:30', 'ssd_hard_disk', '34', '256', 'SSD Hard Disk', 'SSD 256GB'),
(242, '2023-05-04 07:00:30', '2023-05-04 07:00:30', 'hdd_hard_disk', '34', 'null', 'HDD Hard Disk', 'null'),
(243, '2023-05-04 07:00:30', '2023-05-04 07:00:30', 'graphics_card', '34', 'Intel® UHD Graphics', 'Card Đồ Họa', 'Intel® UHD Graphics'),
(244, '2023-05-04 07:00:30', '2023-05-04 07:00:30', 'screen', '34', '15.6', 'Màn Hình', '15.6 inch'),
(245, '2023-05-04 07:00:30', '2023-05-04 07:00:30', 'brand', '34', 'acer', 'Thương Hiệu', 'Acer'),
(246, '2023-05-04 07:00:30', '2023-05-04 07:00:30', 'computer_type', '34', 'office', 'Dòng máy', 'Học tập - Văn phòng'),
(247, '2023-05-04 07:02:30', '2023-05-04 07:02:30', 'cpu', '35', 'Intel Core i5', 'CPU', 'Intel Core i5'),
(248, '2023-05-04 07:02:30', '2023-05-04 07:02:30', 'ram', '35', '8', 'Ram', '8 GB'),
(249, '2023-05-04 07:02:30', '2023-05-04 07:02:30', 'ssd_hard_disk', '35', '512', 'SSD Hard Disk', 'SSD 512GB'),
(250, '2023-05-04 07:02:30', '2023-05-04 07:02:30', 'hdd_hard_disk', '35', 'null', 'HDD Hard Disk', 'null'),
(251, '2023-05-04 07:02:30', '2023-05-04 07:02:30', 'graphics_card', '35', 'NVidia Geforce RTX 3060 6GB GDDR6', 'Card Đồ Họa', 'NVidia Geforce RTX 3060 6GB GDDR6'),
(252, '2023-05-04 07:02:30', '2023-05-04 07:02:30', 'screen', '35', '17', 'Màn Hình', '17 inch'),
(253, '2023-05-04 07:02:31', '2023-05-04 07:02:31', 'brand', '35', 'gigabyte', 'Thương Hiệu', 'Gigabyte'),
(254, '2023-05-04 07:02:31', '2023-05-04 07:02:31', 'computer_type', '35', 'gaming', 'Dòng máy', 'Gaming'),
(255, '2023-05-04 07:04:30', '2023-05-04 07:04:30', 'cpu', '36', 'Ryzen 7', 'CPU', 'Ryzen 7'),
(256, '2023-05-04 07:04:30', '2023-05-04 07:04:30', 'ram', '36', '8', 'Ram', '8 GB'),
(257, '2023-05-04 07:04:30', '2023-05-04 07:04:30', 'ssd_hard_disk', '36', '512', 'SSD Hard Disk', 'SSD 512GB'),
(258, '2023-05-04 07:04:30', '2023-05-04 07:04:30', 'hdd_hard_disk', '36', 'null', 'HDD Hard Disk', 'null'),
(259, '2023-05-04 07:04:30', '2023-05-04 07:04:30', 'graphics_card', '36', 'NVIDIA GeForce RTX 3050 4GB GDDR6', 'Card Đồ Họa', 'NVIDIA GeForce RTX 3050 4GB GDDR6'),
(260, '2023-05-04 07:04:30', '2023-05-04 07:04:30', 'screen', '36', '15.6', 'Màn Hình', '15.6 inch'),
(261, '2023-05-04 07:04:30', '2023-05-04 07:04:30', 'brand', '36', 'lenovo', 'Thương Hiệu', 'Lenovo'),
(262, '2023-05-04 07:04:30', '2023-05-04 07:04:30', 'computer_type', '36', 'gaming', 'Dòng máy', 'Gaming'),
(263, '2023-05-04 07:05:58', '2023-05-04 07:05:58', 'cpu', '37', 'Intel Core i5', 'CPU', 'Intel Core i5'),
(264, '2023-05-04 07:05:58', '2023-05-04 07:05:58', 'ram', '37', '8', 'Ram', '8 GB'),
(265, '2023-05-04 07:05:58', '2023-05-04 07:05:58', 'ssd_hard_disk', '37', '512', 'SSD Hard Disk', 'SSD 512GB'),
(266, '2023-05-04 07:05:58', '2023-05-04 07:05:58', 'hdd_hard_disk', '37', 'null', 'HDD Hard Disk', 'null'),
(267, '2023-05-04 07:05:58', '2023-05-04 07:05:58', 'graphics_card', '37', 'NVIDIA GeForce GTX 1650 4GB GDDR6', 'Card Đồ Họa', 'NVIDIA GeForce GTX 1650 4GB GDDR6'),
(268, '2023-05-04 07:05:58', '2023-05-04 07:05:58', 'screen', '37', '15.6', 'Màn Hình', '15.6 inch'),
(269, '2023-05-04 07:05:58', '2023-05-04 07:05:58', 'brand', '37', 'asus', 'Thương Hiệu', 'Asus'),
(270, '2023-05-04 07:05:58', '2023-05-04 07:05:58', 'computer_type', '37', 'gaming', 'Dòng máy', 'Gaming'),
(295, '2023-05-05 08:59:05', '2023-05-05 08:59:05', 'cpu', '38', 'Intel Core i7', 'CPU', 'Intel Core i7'),
(296, '2023-05-05 08:59:05', '2023-05-05 08:59:05', 'ram', '38', '16', 'Ram', '16 GB'),
(297, '2023-05-05 08:59:05', '2023-05-05 08:59:05', 'ssd_hard_disk', '38', '512', 'SSD Hard Disk', 'SSD 512GB'),
(298, '2023-05-05 08:59:05', '2023-05-05 08:59:05', 'hdd_hard_disk', '38', 'null', 'HDD Hard Disk', 'null'),
(299, '2023-05-05 08:59:05', '2023-05-05 08:59:05', 'graphics_card', '38', 'GIGABYTE GeForce RTX 4070 AERO OC 12G', 'Card Đồ Họa', 'GIGABYTE GeForce RTX 4070 AERO OC 12G'),
(300, '2023-05-05 08:59:05', '2023-05-05 08:59:05', 'computer_type', '38', 'office', 'Dòng máy', 'Học tập - Văn phòng'),
(301, '2023-05-05 08:59:05', '2023-05-05 08:59:05', 'PSU', '38', 'Corsair RM850e - 80 Plus Gold - Full Modular', 'Nguồn (PSU)', 'Corsair RM850e - 80 Plus Gold - Full Modular'),
(302, '2023-05-05 08:59:05', '2023-05-05 08:59:05', 'radiator', '38', 'Corsair LL120 RGB LED 120mm White — Triple Pack with Lighting Node PRO', 'TẢN NHIỆT', 'Corsair LL120 RGB LED 120mm White — Triple Pack with Lighting Node PRO'),
(303, '2023-05-05 08:59:05', '2023-05-05 08:59:05', 'case', '38', 'Corsair 5000D AIRFLOW Tempered Glass White', 'Case', 'Corsair 5000D AIRFLOW Tempered Glass White'),
(304, '2023-05-05 08:59:05', '2023-05-05 08:59:05', 'mainboard', '38', 'ASUS ROG STRIX Z790-A GAMING WIFI DDR4', 'Mainboard', 'ASUS ROG STRIX Z790-A GAMING WIFI DDR4'),
(315, '2023-05-05 09:01:52', '2023-05-05 09:01:52', 'cpu', '39', 'Intel Core i7', 'CPU', 'Intel Core i7'),
(316, '2023-05-05 09:01:52', '2023-05-05 09:01:52', 'ram', '39', '16', 'Ram', '16 GB'),
(317, '2023-05-05 09:01:52', '2023-05-05 09:01:52', 'ssd_hard_disk', '39', '512', 'SSD Hard Disk', 'SSD 512GB'),
(318, '2023-05-05 09:01:52', '2023-05-05 09:01:52', 'hdd_hard_disk', '39', '250', 'HDD Hard Disk', 'HDD 250GB'),
(319, '2023-05-05 09:01:52', '2023-05-05 09:01:52', 'graphics_card', '39', 'ASUS TUF Gaming GeForce RTX 4070 OC Edition 12GB GDDR6X', 'Card Đồ Họa', 'ASUS TUF Gaming GeForce RTX 4070 OC Edition 12GB GDDR6X'),
(320, '2023-05-05 09:01:52', '2023-05-05 09:01:52', 'computer_type', '39', 'tech', 'Dòng máy', 'Đồ Họa - Kĩ Thuật'),
(321, '2023-05-05 09:01:52', '2023-05-05 09:01:52', 'PSU', '39', 'Corsair RM750e - 80 Plus Gold - Full Modular', 'Nguồn (PSU)', 'Corsair RM750e - 80 Plus Gold - Full Modular'),
(322, '2023-05-05 09:01:52', '2023-05-05 09:01:52', 'radiator', '39', 'Corsair iCUE SP120 RGB ELITE 120mm', 'TẢN NHIỆT', 'Corsair iCUE SP120 RGB ELITE 120mm'),
(323, '2023-05-05 09:01:52', '2023-05-05 09:01:52', 'case', '39', 'Corsair 4000D AIRFLOW Black', 'Case', 'Corsair 4000D AIRFLOW Black'),
(324, '2023-05-05 09:01:52', '2023-05-05 09:01:52', 'mainboard', '39', 'ASUS TUF GAMING B760M-PLUS WIFI D4', 'Mainboard', 'ASUS TUF GAMING B760M-PLUS WIFI D4'),
(325, '2023-05-05 09:03:37', '2023-05-05 09:03:37', 'cpu', '40', 'Intel Core i5', 'CPU', 'Intel Core i5'),
(326, '2023-05-05 09:03:37', '2023-05-05 09:03:37', 'ram', '40', '16', 'Ram', '16 GB'),
(327, '2023-05-05 09:03:37', '2023-05-05 09:03:37', 'ssd_hard_disk', '40', '512', 'SSD Hard Disk', 'SSD 512GB'),
(328, '2023-05-05 09:03:37', '2023-05-05 09:03:37', 'hdd_hard_disk', '40', 'null', 'HDD Hard Disk', 'null'),
(329, '2023-05-05 09:03:37', '2023-05-05 09:03:37', 'graphics_card', '40', 'NVIDIA GeForce RTX 3050 4GB GDDR6', 'Card Đồ Họa', 'NVIDIA GeForce RTX 3050 4GB GDDR6'),
(330, '2023-05-05 09:03:37', '2023-05-05 09:03:37', 'computer_type', '40', 'office', 'Dòng máy', 'Học tập - Văn phòng'),
(331, '2023-05-05 09:03:37', '2023-05-05 09:03:37', 'PSU', '40', 'Corsair RM850e - 80 Plus Gold - Full Modular', 'Nguồn (PSU)', 'Corsair RM850e - 80 Plus Gold - Full Modular'),
(332, '2023-05-05 09:03:37', '2023-05-05 09:03:37', 'radiator', '40', 'Corsair iCUE SP120 RGB ELITE 120mm', 'TẢN NHIỆT', 'Corsair iCUE SP120 RGB ELITE 120mm'),
(333, '2023-05-05 09:03:37', '2023-05-05 09:03:37', 'case', '40', 'Corsair 4000D AIRFLOW Black', 'Case', 'Corsair 4000D AIRFLOW Black'),
(334, '2023-05-05 09:03:37', '2023-05-05 09:03:37', 'mainboard', '40', 'ASUS ROG STRIX Z790-A GAMING WIFI DDR4', 'Mainboard', 'ASUS ROG STRIX Z790-A GAMING WIFI DDR4'),
(335, '2023-05-05 11:55:48', '2023-05-05 11:55:48', 'cpu', '10', 'Intel Core i7', 'CPU', 'Intel Core i7'),
(336, '2023-05-05 11:55:48', '2023-05-05 11:55:48', 'ram', '10', '4', 'Ram', '4 GB'),
(337, '2023-05-05 11:55:48', '2023-05-05 11:55:48', 'ssd_hard_disk', '10', '120', 'SSD Hard Disk', 'SSD 120GB'),
(338, '2023-05-05 11:55:48', '2023-05-05 11:55:48', 'hdd_hard_disk', '10', '250', 'HDD Hard Disk', 'HDD 250GB'),
(339, '2023-05-05 11:55:48', '2023-05-05 11:55:48', 'graphics_card', '10', 'Intel® UHD Graphics', 'Card Đồ Họa', 'Intel® UHD Graphics'),
(340, '2023-05-05 11:55:48', '2023-05-05 11:55:48', 'screen', '10', '12', 'Màn Hình', '12 inch'),
(341, '2023-05-05 11:55:48', '2023-05-05 11:55:48', 'brand', '10', 'asus', 'Thương Hiệu', 'Asus'),
(342, '2023-05-05 11:55:48', '2023-05-05 11:55:48', 'computer_type', '10', 'office', 'Dòng máy', 'Học tập - Văn phòng'),
(343, '2023-05-06 00:54:06', '2023-05-06 00:54:06', 'cpu', '41', 'Intel Core i7', 'CPU', 'Intel Core i7'),
(344, '2023-05-06 00:54:06', '2023-05-06 00:54:06', 'ram', '41', '16', 'Ram', '16 GB'),
(345, '2023-05-06 00:54:06', '2023-05-06 00:54:06', 'ssd_hard_disk', '41', '512', 'SSD Hard Disk', 'SSD 512GB'),
(346, '2023-05-06 00:54:06', '2023-05-06 00:54:06', 'hdd_hard_disk', '41', '320', 'HDD Hard Disk', 'HDD 320GB'),
(347, '2023-05-06 00:54:06', '2023-05-06 00:54:06', 'graphics_card', '41', 'NVIDIA GeForce RTX 3050 4GB GDDR6', 'Card Đồ Họa', 'NVIDIA GeForce RTX 3050 4GB GDDR6'),
(348, '2023-05-06 00:54:06', '2023-05-06 00:54:06', 'computer_type', '41', 'gaming', 'Dòng máy', 'Gaming'),
(349, '2023-05-06 00:54:06', '2023-05-06 00:54:06', 'PSU', '41', 'Corsair RM850e - 80 Plus Gold - Full Modular', 'Nguồn (PSU)', 'Corsair RM850e - 80 Plus Gold - Full Modular'),
(350, '2023-05-06 00:54:06', '2023-05-06 00:54:06', 'radiator', '41', 'Corsair iCUE SP120 RGB ELITE 120mm', 'TẢN NHIỆT', 'Corsair iCUE SP120 RGB ELITE 120mm'),
(351, '2023-05-06 00:54:06', '2023-05-06 00:54:06', 'case', '41', 'Corsair 4000D AIRFLOW Black', 'Case', 'Corsair 4000D AIRFLOW Black'),
(352, '2023-05-06 00:54:06', '2023-05-06 00:54:06', 'mainboard', '41', 'ASUS ROG STRIX Z790-A GAMING WIFI DDR4', 'Mainboard', 'ASUS ROG STRIX Z790-A GAMING WIFI DDR4'),
(353, '2023-05-06 23:32:49', '2023-05-06 23:32:49', 'cpu', '42', 'Intel Core i9', 'CPU', 'Intel Core i9'),
(354, '2023-05-06 23:32:49', '2023-05-06 23:32:49', 'ram', '42', '32', 'Ram', '32 GB'),
(355, '2023-05-06 23:32:49', '2023-05-06 23:32:49', 'ssd_hard_disk', '42', '512', 'SSD Hard Disk', 'SSD 512GB'),
(356, '2023-05-06 23:32:49', '2023-05-06 23:32:49', 'hdd_hard_disk', '42', '1000', 'HDD Hard Disk', 'HDD 1000GB'),
(357, '2023-05-06 23:32:49', '2023-05-06 23:32:49', 'graphics_card', '42', 'ASUS TUF Gaming GeForce RTX 4070 Ti OC Edition 12GB GDDR6X', 'Card Đồ Họa', 'ASUS TUF Gaming GeForce RTX 4070 Ti OC Edition 12GB GDDR6X'),
(358, '2023-05-06 23:32:49', '2023-05-06 23:32:49', 'computer_type', '42', 'office', 'Dòng máy', 'Học tập - Văn phòng'),
(359, '2023-05-06 23:32:49', '2023-05-06 23:32:49', 'PSU', '42', 'Corsair RM850e - 80 Plus Gold - Full Modular', 'Nguồn (PSU)', 'Corsair RM850e - 80 Plus Gold - Full Modular'),
(360, '2023-05-06 23:32:49', '2023-05-06 23:32:49', 'radiator', '42', 'Corsair LL120 RGB LED 120mm White — Triple Pack with Lighting Node PRO', 'TẢN NHIỆT', 'Corsair LL120 RGB LED 120mm White — Triple Pack with Lighting Node PRO'),
(361, '2023-05-06 23:32:49', '2023-05-06 23:32:49', 'case', '42', 'Corsair 5000D AIRFLOW Tempered Glass White', 'Case', 'Corsair 5000D AIRFLOW Tempered Glass White'),
(362, '2023-05-06 23:32:49', '2023-05-06 23:32:49', 'mainboard', '42', 'ASUS ROG STRIX Z790-A GAMING WIFI DDR4', 'Mainboard', 'ASUS ROG STRIX Z790-A GAMING WIFI DDR4'),
(363, '2023-05-06 23:37:14', '2023-05-06 23:37:14', 'cpu', '44', 'Intel Core i7', 'CPU', 'Intel Core i7'),
(364, '2023-05-06 23:37:14', '2023-05-06 23:37:14', 'ram', '44', '32', 'Ram', '32 GB'),
(365, '2023-05-06 23:37:14', '2023-05-06 23:37:14', 'ssd_hard_disk', '44', '512', 'SSD Hard Disk', 'SSD 512GB'),
(366, '2023-05-06 23:37:14', '2023-05-06 23:37:14', 'hdd_hard_disk', '44', '320', 'HDD Hard Disk', 'HDD 320GB'),
(367, '2023-05-06 23:37:14', '2023-05-06 23:37:14', 'graphics_card', '44', 'NVIDIA GeForce RTX 3050 4GB GDDR6', 'Card Đồ Họa', 'NVIDIA GeForce RTX 3050 4GB GDDR6'),
(368, '2023-05-06 23:37:14', '2023-05-06 23:37:14', 'computer_type', '44', 'gaming', 'Dòng máy', 'Gaming'),
(369, '2023-05-06 23:37:14', '2023-05-06 23:37:14', 'PSU', '44', 'Corsair RM850e - 80 Plus Gold - Full Modular', 'Nguồn (PSU)', 'Corsair RM850e - 80 Plus Gold - Full Modular'),
(370, '2023-05-06 23:37:14', '2023-05-06 23:37:14', 'radiator', '44', 'Corsair iCUE SP120 RGB ELITE 120mm', 'TẢN NHIỆT', 'Corsair iCUE SP120 RGB ELITE 120mm'),
(371, '2023-05-06 23:37:14', '2023-05-06 23:37:14', 'case', '44', 'Corsair 4000D AIRFLOW Black', 'Case', 'Corsair 4000D AIRFLOW Black'),
(372, '2023-05-06 23:37:14', '2023-05-06 23:37:14', 'mainboard', '44', 'ASUS ROG STRIX Z790-A GAMING WIFI DDR4', 'Mainboard', 'ASUS ROG STRIX Z790-A GAMING WIFI DDR4'),
(373, '2023-05-06 23:39:56', '2023-05-06 23:39:56', 'cpu', '45', 'Intel Core i9', 'CPU', 'Intel Core i9'),
(374, '2023-05-06 23:39:56', '2023-05-06 23:39:56', 'ram', '45', '32', 'Ram', '32 GB'),
(375, '2023-05-06 23:39:56', '2023-05-06 23:39:56', 'ssd_hard_disk', '45', '512', 'SSD Hard Disk', 'SSD 512GB'),
(376, '2023-05-06 23:39:56', '2023-05-06 23:39:56', 'hdd_hard_disk', '45', '1000', 'HDD Hard Disk', 'HDD 1000GB'),
(377, '2023-05-06 23:39:56', '2023-05-06 23:39:56', 'graphics_card', '45', 'NVIDIA GeForce RTX 3050 4GB GDDR6', 'Card Đồ Họa', 'NVIDIA GeForce RTX 3050 4GB GDDR6'),
(378, '2023-05-06 23:39:56', '2023-05-06 23:39:56', 'computer_type', '45', 'gaming', 'Dòng máy', 'Gaming'),
(379, '2023-05-06 23:39:56', '2023-05-06 23:39:56', 'PSU', '45', 'Corsair RM850e - 80 Plus Gold - Full Modular', 'Nguồn (PSU)', 'Corsair RM850e - 80 Plus Gold - Full Modular'),
(380, '2023-05-06 23:39:56', '2023-05-06 23:39:56', 'radiator', '45', 'Corsair LL120 RGB LED 120mm White — Triple Pack with Lighting Node PRO', 'TẢN NHIỆT', 'Corsair LL120 RGB LED 120mm White — Triple Pack with Lighting Node PRO'),
(381, '2023-05-06 23:39:56', '2023-05-06 23:39:56', 'case', '45', 'Corsair 5000D AIRFLOW Tempered Glass White', 'Case', 'Corsair 5000D AIRFLOW Tempered Glass White'),
(382, '2023-05-06 23:39:56', '2023-05-06 23:39:56', 'mainboard', '45', 'ASUS ROG STRIX Z790-A GAMING WIFI DDR4', 'Mainboard', 'ASUS ROG STRIX Z790-A GAMING WIFI DDR4');

-- --------------------------------------------------------

--
-- Cấu trúc bảng cho bảng `shipping_adresses`
--

CREATE TABLE `shipping_adresses` (
  `id` bigint(20) UNSIGNED NOT NULL,
  `city` varchar(255) NOT NULL,
  `district` varchar(255) NOT NULL,
  `address` text NOT NULL,
  `created_at` timestamp NULL DEFAULT NULL,
  `updated_at` timestamp NULL DEFAULT NULL
) ENGINE=InnoDB DEFAULT CHARSET=utf8mb4 COLLATE=utf8mb4_unicode_ci;

--
-- Đang đổ dữ liệu cho bảng `shipping_adresses`
--

INSERT INTO `shipping_adresses` (`id`, `city`, `district`, `address`, `created_at`, `updated_at`) VALUES
(1, 'hà nội', 'Nam từ liêm', '48 tố hữu', '2023-04-08 20:14:21', '2023-04-08 20:14:21'),
(2, 'hà nội', 'Nam từ liêm', '48 tố hữu', '2023-04-08 20:14:40', '2023-04-08 20:14:40'),
(3, 'hà nội', 'Nam từ liêm', '48 tố hữu', '2023-04-08 20:15:06', '2023-04-08 20:15:06'),
(4, 'hà nội', 'Nam từ liêm', '48 tố hữu', '2023-04-08 20:15:19', '2023-04-08 20:15:19'),
(5, 'hà nội', 'mễ trì', '73 mieu dam', '2023-04-09 00:04:32', '2023-04-09 00:04:32'),
(6, 'hà nội', 'dgfdh', 'tets', '2023-04-11 05:15:12', '2023-04-11 05:15:12'),
(7, 'hà nội', 'szgsdcv', 'sàzgfbgv', '2023-04-11 05:16:30', '2023-04-11 05:16:30'),
(8, 'hà nội', 'szgsdcv', 'sàzgfbgv', '2023-04-11 05:18:37', '2023-04-11 05:18:37'),
(9, 'hà nội', 'szgsdcv', 'sàzgfbgv', '2023-04-11 05:20:12', '2023-04-11 05:20:12'),
(10, 'hà nội', 'szgsdcv', 'sàzgfbgv', '2023-04-11 05:20:30', '2023-04-11 05:20:30'),
(11, 'hà nội', 'szgsdcv', 'sàzgfbgv', '2023-04-11 05:20:36', '2023-04-11 05:20:36'),
(12, 'hà nội', 'szgsdcv', 'sàzgfbgv', '2023-04-11 05:21:24', '2023-04-11 05:21:24'),
(13, 'hà nội', 'szgsdcv', 'sàzgfbgv', '2023-04-11 05:22:25', '2023-04-11 05:22:25'),
(14, 'hà nội', 'szgsdcv', 'sàzgfbgv', '2023-04-12 04:55:51', '2023-04-12 04:55:51'),
(15, 'hà nội', 'szgsdcv', 'sàzgfbgv', '2023-04-12 04:56:24', '2023-04-12 04:56:24'),
(16, 'hà nội', 'szgsdcv', 'sàzgfbgv', '2023-04-12 04:57:13', '2023-04-12 04:57:13'),
(17, 'hà nội', 'szgsdcv', 'sàzgfbgv', '2023-04-12 04:57:18', '2023-04-12 04:57:18'),
(18, 'hà nội', 'szgsdcv', 'sàzgfbgv', '2023-04-12 04:58:41', '2023-04-12 04:58:41'),
(19, 'hà nội', 'szgsdcv', 'sàzgfbgv', '2023-04-12 04:59:09', '2023-04-12 04:59:09'),
(20, 'hà nội', 'szgsdcv', 'sàzgfbgv', '2023-04-12 04:59:58', '2023-04-12 04:59:58'),
(21, 'hà nội', 'szgsdcv', 'sàzgfbgv', '2023-04-12 05:00:29', '2023-04-12 05:00:29'),
(22, 'hà nội', 'szgsdcv', 'sàzgfbgv', '2023-04-12 05:00:59', '2023-04-12 05:00:59'),
(23, 'hà nội', 'szgsdcv', 'sàzgfbgv', '2023-04-21 22:50:19', '2023-04-21 22:50:19'),
(24, 'hà nội', 'szgsdcv', 'sàzgfbgv', '2023-04-21 23:04:50', '2023-04-21 23:04:50'),
(25, 'hà nội', 'szgsdcv', 'sàzgfbgv', '2023-04-21 23:06:33', '2023-04-21 23:06:33'),
(26, 'hà nội', 'szgsdcv', 'sàzgfbgv', '2023-04-22 06:11:50', '2023-04-22 06:11:50'),
(27, 'hà nội', 'szgsdcv', 'sàzgfbgv', '2023-04-22 06:14:19', '2023-04-22 06:14:19'),
(28, 'hà nội', 'szgsdcv', 'sàzgfbgv', '2023-04-22 06:15:25', '2023-04-22 06:15:25'),
(29, 'hà nội', 'szgsdcv', 'sàzgfbgv', '2023-04-22 06:15:58', '2023-04-22 06:15:58'),
(30, 'hà nội', 'szgsdcv', 'sàzgfbgv', '2023-04-22 06:16:19', '2023-04-22 06:16:19'),
(31, 'hà nội', 'szgsdcv', 'sàzgfbgv', '2023-04-22 06:16:38', '2023-04-22 06:16:38'),
(32, 'hà nội', 'szgsdcv', 'sàzgfbgv', '2023-04-22 06:17:00', '2023-04-22 06:17:00'),
(33, 'hà nội', 'szgsdcv', 'sàzgfbgv', '2023-04-22 09:31:15', '2023-04-22 09:31:15'),
(34, 'hà nội', 'szgsdcv', 'sàzgfbgv', '2023-04-22 09:36:33', '2023-04-22 09:36:33'),
(35, 'hà nội', 'szgsdcv', 'sàzgfbgv', '2023-04-22 09:37:18', '2023-04-22 09:37:18'),
(36, 'hà nội', 'szgsdcv', 'sàzgfbgv', '2023-04-22 09:40:34', '2023-04-22 09:40:34'),
(37, 'hà nội', 'Nam từ liêm', '48 tố hữu', '2023-04-22 18:02:39', '2023-04-22 18:02:39'),
(38, 'Aute in qui dolor no', 'Dolor laudantium vo', 'Voluptatibus sint co', '2023-04-22 18:04:47', '2023-04-22 18:04:47'),
(39, 'hà nội', 'Nam từ liêm', '48 tố hữu', '2023-04-22 18:10:56', '2023-04-22 18:10:56'),
(40, 'hà nội', 'Nam từ liêm', '48 tố hữu', '2023-04-29 06:15:35', '2023-04-29 06:15:35'),
(41, 'hà nội', 'Nam từ liêm', '48 tố hữu', '2023-04-29 06:16:26', '2023-04-29 06:16:26'),
(42, 'hà nội', 'Nam từ liêm', '48 tố hữu', '2023-04-29 06:16:48', '2023-04-29 06:16:48'),
(43, 'hà nội', 'Nam từ liêm', '48 tố hữu', '2023-05-03 07:40:49', '2023-05-03 07:40:49'),
(44, 'hà nội', 'Nam từ liêm', '48 tố hữu', '2023-05-03 07:43:26', '2023-05-03 07:43:26'),
(45, 'hà nội', 'Nam từ liêm', '48 tố hữu', '2023-05-03 08:03:16', '2023-05-03 08:03:16'),
(46, 'hà nội', 'Nam từ liêm', '48 tố hữu', '2023-05-03 08:07:02', '2023-05-03 08:07:02'),
(47, 'hà nội', 'Nam từ liêm', '48 tố hữu', '2023-05-03 08:07:55', '2023-05-03 08:07:55'),
(48, 'hà nội', 'Nam từ liêm', '48 tố hữu', '2023-05-03 08:08:25', '2023-05-03 08:08:25'),
(49, 'hà nội', 'Nam từ liêm', '48 tố hữu', '2023-05-05 11:35:41', '2023-05-05 11:35:41'),
(50, 'hà nội', 'Nam từ liêm', '48 tố hữu', '2023-05-05 11:38:27', '2023-05-05 11:38:27'),
(51, 'hà nội', 'Nam từ liêm', '48 tố hữu', '2023-05-05 12:17:08', '2023-05-05 12:17:08'),
(52, 'hà nội', 'Nam từ liêm', '48 tố hữu', '2023-05-06 03:59:05', '2023-05-06 03:59:05'),
(53, 'hà nội', 'Nam từ liêm', '48 tố hữu', '2023-05-06 04:01:15', '2023-05-06 04:01:15'),
(54, 'hà nội', 'Nam từ liêm', '48 tố hữu', '2023-05-06 04:02:15', '2023-05-06 04:02:15'),
(55, 'hà nội', 'Nam từ liêm', '48 tố hữu', '2023-05-06 04:05:31', '2023-05-06 04:05:31');

-- --------------------------------------------------------

--
-- Cấu trúc bảng cho bảng `themes`
--

CREATE TABLE `themes` (
  `id` bigint(20) UNSIGNED NOT NULL,
  `created_at` timestamp NULL DEFAULT NULL,
  `updated_at` timestamp NULL DEFAULT NULL
) ENGINE=InnoDB DEFAULT CHARSET=utf8mb4 COLLATE=utf8mb4_unicode_ci;

-- --------------------------------------------------------

--
-- Cấu trúc bảng cho bảng `users`
--

CREATE TABLE `users` (
  `id` bigint(20) UNSIGNED NOT NULL,
  `name` varchar(255) NOT NULL,
  `email` varchar(255) NOT NULL,
  `email_verified_at` timestamp NULL DEFAULT NULL,
  `password` varchar(255) NOT NULL,
  `acl` int(11) NOT NULL,
  `remember_token` varchar(100) DEFAULT NULL,
  `created_at` timestamp NULL DEFAULT NULL,
  `updated_at` timestamp NULL DEFAULT NULL
) ENGINE=InnoDB DEFAULT CHARSET=utf8mb4 COLLATE=utf8mb4_unicode_ci;

--
-- Đang đổ dữ liệu cho bảng `users`
--

INSERT INTO `users` (`id`, `name`, `email`, `email_verified_at`, `password`, `acl`, `remember_token`, `created_at`, `updated_at`) VALUES
(1, 'admin', 'admin@gmail.com', NULL, '$2y$10$GhrRjFoVKYJalCUUoHw07Op10IdK9vsZvLA5bny8fv2MpgTgshvN6', 1, NULL, '2023-03-22 05:00:29', '2023-03-22 05:00:29');

--
-- Chỉ mục cho các bảng đã đổ
--

--
-- Chỉ mục cho bảng `acls`
--
ALTER TABLE `acls`
  ADD PRIMARY KEY (`id`);

--
-- Chỉ mục cho bảng `attribute_sets`
--
ALTER TABLE `attribute_sets`
  ADD PRIMARY KEY (`id`),
  ADD UNIQUE KEY `attribute_sets_attribute_set_name_unique` (`attribute_set_name`);

--
-- Chỉ mục cho bảng `attribute_set_attributes`
--
ALTER TABLE `attribute_set_attributes`
  ADD PRIMARY KEY (`id`);

--
-- Chỉ mục cho bảng `attribute_values`
--
ALTER TABLE `attribute_values`
  ADD PRIMARY KEY (`id`);

--
-- Chỉ mục cho bảng `carts`
--
ALTER TABLE `carts`
  ADD PRIMARY KEY (`id`);

--
-- Chỉ mục cho bảng `cart_items`
--
ALTER TABLE `cart_items`
  ADD PRIMARY KEY (`id`);

--
-- Chỉ mục cho bảng `categories`
--
ALTER TABLE `categories`
  ADD PRIMARY KEY (`id`);

--
-- Chỉ mục cho bảng `category_products`
--
ALTER TABLE `category_products`
  ADD PRIMARY KEY (`id`);

--
-- Chỉ mục cho bảng `checkouts`
--
ALTER TABLE `checkouts`
  ADD PRIMARY KEY (`id`);

--
-- Chỉ mục cho bảng `customers`
--
ALTER TABLE `customers`
  ADD PRIMARY KEY (`id`),
  ADD UNIQUE KEY `email` (`email`);

--
-- Chỉ mục cho bảng `eav_attributes`
--
ALTER TABLE `eav_attributes`
  ADD PRIMARY KEY (`id`),
  ADD UNIQUE KEY `eav_attributes_attribute_code_unique` (`attribute_code`);

--
-- Chỉ mục cho bảng `failed_jobs`
--
ALTER TABLE `failed_jobs`
  ADD PRIMARY KEY (`id`),
  ADD UNIQUE KEY `failed_jobs_uuid_unique` (`uuid`);

--
-- Chỉ mục cho bảng `files`
--
ALTER TABLE `files`
  ADD PRIMARY KEY (`id`);

--
-- Chỉ mục cho bảng `migrations`
--
ALTER TABLE `migrations`
  ADD PRIMARY KEY (`id`);

--
-- Chỉ mục cho bảng `orders`
--
ALTER TABLE `orders`
  ADD PRIMARY KEY (`id`);

--
-- Chỉ mục cho bảng `order_items`
--
ALTER TABLE `order_items`
  ADD PRIMARY KEY (`id`);

--
-- Chỉ mục cho bảng `password_resets`
--
ALTER TABLE `password_resets`
  ADD KEY `password_resets_email_index` (`email`);

--
-- Chỉ mục cho bảng `password_reset_tokens`
--
ALTER TABLE `password_reset_tokens`
  ADD PRIMARY KEY (`email`);

--
-- Chỉ mục cho bảng `personal_access_tokens`
--
ALTER TABLE `personal_access_tokens`
  ADD PRIMARY KEY (`id`),
  ADD UNIQUE KEY `personal_access_tokens_token_unique` (`token`),
  ADD KEY `personal_access_tokens_tokenable_type_tokenable_id_index` (`tokenable_type`,`tokenable_id`);

--
-- Chỉ mục cho bảng `products`
--
ALTER TABLE `products`
  ADD PRIMARY KEY (`id`),
  ADD UNIQUE KEY `products_sku_unique` (`sku`);

--
-- Chỉ mục cho bảng `product_attribute_values`
--
ALTER TABLE `product_attribute_values`
  ADD PRIMARY KEY (`id`);

--
-- Chỉ mục cho bảng `shipping_adresses`
--
ALTER TABLE `shipping_adresses`
  ADD PRIMARY KEY (`id`);

--
-- Chỉ mục cho bảng `themes`
--
ALTER TABLE `themes`
  ADD PRIMARY KEY (`id`);

--
-- Chỉ mục cho bảng `users`
--
ALTER TABLE `users`
  ADD PRIMARY KEY (`id`),
  ADD UNIQUE KEY `users_email_unique` (`email`);

--
-- AUTO_INCREMENT cho các bảng đã đổ
--

--
-- AUTO_INCREMENT cho bảng `acls`
--
ALTER TABLE `acls`
  MODIFY `id` bigint(20) UNSIGNED NOT NULL AUTO_INCREMENT, AUTO_INCREMENT=5;

--
-- AUTO_INCREMENT cho bảng `attribute_sets`
--
ALTER TABLE `attribute_sets`
  MODIFY `id` bigint(20) UNSIGNED NOT NULL AUTO_INCREMENT, AUTO_INCREMENT=12;

--
-- AUTO_INCREMENT cho bảng `attribute_set_attributes`
--
ALTER TABLE `attribute_set_attributes`
  MODIFY `id` bigint(20) UNSIGNED NOT NULL AUTO_INCREMENT, AUTO_INCREMENT=27;

--
-- AUTO_INCREMENT cho bảng `attribute_values`
--
ALTER TABLE `attribute_values`
  MODIFY `id` bigint(20) UNSIGNED NOT NULL AUTO_INCREMENT, AUTO_INCREMENT=81;

--
-- AUTO_INCREMENT cho bảng `carts`
--
ALTER TABLE `carts`
  MODIFY `id` bigint(20) UNSIGNED NOT NULL AUTO_INCREMENT, AUTO_INCREMENT=39;

--
-- AUTO_INCREMENT cho bảng `cart_items`
--
ALTER TABLE `cart_items`
  MODIFY `id` bigint(20) UNSIGNED NOT NULL AUTO_INCREMENT, AUTO_INCREMENT=48;

--
-- AUTO_INCREMENT cho bảng `categories`
--
ALTER TABLE `categories`
  MODIFY `id` bigint(20) UNSIGNED NOT NULL AUTO_INCREMENT, AUTO_INCREMENT=10;

--
-- AUTO_INCREMENT cho bảng `category_products`
--
ALTER TABLE `category_products`
  MODIFY `id` bigint(20) UNSIGNED NOT NULL AUTO_INCREMENT, AUTO_INCREMENT=71;

--
-- AUTO_INCREMENT cho bảng `checkouts`
--
ALTER TABLE `checkouts`
  MODIFY `id` bigint(20) UNSIGNED NOT NULL AUTO_INCREMENT;

--
-- AUTO_INCREMENT cho bảng `customers`
--
ALTER TABLE `customers`
  MODIFY `id` bigint(20) UNSIGNED NOT NULL AUTO_INCREMENT, AUTO_INCREMENT=10;

--
-- AUTO_INCREMENT cho bảng `eav_attributes`
--
ALTER TABLE `eav_attributes`
  MODIFY `id` bigint(20) UNSIGNED NOT NULL AUTO_INCREMENT, AUTO_INCREMENT=19;

--
-- AUTO_INCREMENT cho bảng `failed_jobs`
--
ALTER TABLE `failed_jobs`
  MODIFY `id` bigint(20) UNSIGNED NOT NULL AUTO_INCREMENT;

--
-- AUTO_INCREMENT cho bảng `files`
--
ALTER TABLE `files`
  MODIFY `id` bigint(20) UNSIGNED NOT NULL AUTO_INCREMENT, AUTO_INCREMENT=30;

--
-- AUTO_INCREMENT cho bảng `migrations`
--
ALTER TABLE `migrations`
  MODIFY `id` int(10) UNSIGNED NOT NULL AUTO_INCREMENT, AUTO_INCREMENT=57;

--
-- AUTO_INCREMENT cho bảng `orders`
--
ALTER TABLE `orders`
  MODIFY `id` bigint(20) UNSIGNED NOT NULL AUTO_INCREMENT, AUTO_INCREMENT=8;

--
-- AUTO_INCREMENT cho bảng `order_items`
--
ALTER TABLE `order_items`
  MODIFY `id` bigint(20) UNSIGNED NOT NULL AUTO_INCREMENT, AUTO_INCREMENT=34;

--
-- AUTO_INCREMENT cho bảng `personal_access_tokens`
--
ALTER TABLE `personal_access_tokens`
  MODIFY `id` bigint(20) UNSIGNED NOT NULL AUTO_INCREMENT;

--
-- AUTO_INCREMENT cho bảng `products`
--
ALTER TABLE `products`
  MODIFY `id` bigint(20) UNSIGNED NOT NULL AUTO_INCREMENT, AUTO_INCREMENT=46;

--
-- AUTO_INCREMENT cho bảng `product_attribute_values`
--
ALTER TABLE `product_attribute_values`
  MODIFY `id` bigint(20) UNSIGNED NOT NULL AUTO_INCREMENT, AUTO_INCREMENT=383;

--
-- AUTO_INCREMENT cho bảng `shipping_adresses`
--
ALTER TABLE `shipping_adresses`
  MODIFY `id` bigint(20) UNSIGNED NOT NULL AUTO_INCREMENT, AUTO_INCREMENT=56;

--
-- AUTO_INCREMENT cho bảng `themes`
--
ALTER TABLE `themes`
  MODIFY `id` bigint(20) UNSIGNED NOT NULL AUTO_INCREMENT;

--
-- AUTO_INCREMENT cho bảng `users`
--
ALTER TABLE `users`
  MODIFY `id` bigint(20) UNSIGNED NOT NULL AUTO_INCREMENT, AUTO_INCREMENT=2;
COMMIT;

/*!40101 SET CHARACTER_SET_CLIENT=@OLD_CHARACTER_SET_CLIENT */;
/*!40101 SET CHARACTER_SET_RESULTS=@OLD_CHARACTER_SET_RESULTS */;
/*!40101 SET COLLATION_CONNECTION=@OLD_COLLATION_CONNECTION */;
